ticker,name,sector,p_smaLen,p_sl,p_ch,p_adxThr,p_slope,p_hold,full_net,full_dd,full_n,full_bh,oos_cagr,oos_dd,oos_n,oos_uni_cagr,oos_uni_dd,oos_unibest_cagr,oos_unibest_dd,bh_cagr,train_pick,robust
MMM,3M,Industrials,200,3.0,8.0,0.0,True,True,205.739,27.738,26.0,367.827,-3.959,43.382,27.0,-1.431,33.939,0.646,29.968,4.331,"{'smaLen': 250, 'sl': 4.0, 'ch': 4.0, 'adxThr': 0.0, 'slope': False, 'hold': True}",False
AOS,A. O. Smith,Industrials,150,4.0,6.0,25.0,True,True,370.281,22.862,22.0,1242.465,0.302,20.869,7.0,-5.838,37.469,-0.404,35.715,5.925,"{'smaLen': 150, 'sl': 4.0, 'ch': 6.0, 'adxThr': 25.0, 'slope': True, 'hold': True}",True
ABT,Abbott Laboratories,Health Care,150,3.0,6.0,0.0,False,True,182.438,32.507,43.0,760.468,0.34,18.215,9.0,-1.253,28.453,3.5,24.561,6.917,"{'smaLen': 250, 'sl': 3.0, 'ch': 6.0, 'adxThr': 25.0, 'slope': True, 'hold': True}",True
ABBV,AbbVie,Health Care,250,4.0,4.0,15.0,False,True,262.326,19.354,35.0,1194.785,8.922,18.102,24.0,9.468,24.746,11.151,24.581,20.039,"{'smaLen': 200, 'sl': 3.0, 'ch': 4.0, 'adxThr': 0.0, 'slope': True, 'hold': False}",False
ACN,Accenture,Information Technology,250,4.0,6.0,0.0,True,False,234.098,19.905,53.0,767.142,2.501,34.216,19.0,1.348,34.304,4.668,35.578,4.571,"{'smaLen': 150, 'sl': 4.0, 'ch': 6.0, 'adxThr': 0.0, 'slope': False, 'hold': False}",True
ADBE,Adobe Inc.,Information Technology,150,3.0,8.0,0.0,True,True,271.39,38.536,33.0,511.293,-0.667,37.533,10.0,-0.803,38.054,3.46,35.835,0.614,"{'smaLen': 150, 'sl': 3.0, 'ch': 8.0, 'adxThr': 25.0, 'slope': False, 'hold': True}",False
AMD,Advanced Micro Devices,Information Technology,150,4.0,8.0,0.0,False,True,5277.127,62.67,38.0,1846.389,3.873,31.685,18.0,7.093,45.22,50.252,38.789,57.431,"{'smaLen': 200, 'sl': 2.0, 'ch': 4.0, 'adxThr': 25.0, 'slope': True, 'hold': False}",False
AES,AES Corporation,Utilities,150,4.0,4.0,0.0,False,True,125.85,42.596,65.0,47.338,-1.596,65.181,16.0,-1.005,62.067,0.361,64.503,4.409,"{'smaLen': 150, 'sl': 4.0, 'ch': 8.0, 'adxThr': 15.0, 'slope': False, 'hold': True}",False
AFL,Aflac,Financials,200,4.0,8.0,0.0,True,True,256.007,24.382,32.0,691.346,-1.153,24.917,11.0,2.009,33.767,5.221,25.558,15.212,"{'smaLen': 150, 'sl': 2.0, 'ch': 8.0, 'adxThr': 25.0, 'slope': True, 'hold': True}",False
A,Agilent Technologies,Health Care,150,3.0,4.0,15.0,False,True,357.525,28.667,62.0,766.552,4.199,36.927,16.0,2.124,48.048,7.179,45.838,14.122,"{'smaLen': 200, 'sl': 2.0, 'ch': 8.0, 'adxThr': 20.0, 'slope': False, 'hold': True}",True
APD,Air Products,Materials,150,3.0,6.0,0.0,False,True,178.717,27.938,47.0,745.294,2.732,31.202,15.0,4.569,27.78,3.778,27.353,10.151,"{'smaLen': 150, 'sl': 3.0, 'ch': 6.0, 'adxThr': 20.0, 'slope': False, 'hold': True}",False
AKAM,Akamai Technologies,Information Technology,250,4.0,8.0,15.0,False,True,543.758,46.783,32.0,447.788,6.936,30.745,13.0,-0.365,29.45,-0.186,42.498,8.876,"{'smaLen': 250, 'sl': 4.0, 'ch': 8.0, 'adxThr': 15.0, 'slope': False, 'hold': True}",True
ALB,Albemarle Corporation,Materials,150,4.0,6.0,0.0,True,False,1038.776,37.015,42.0,621.073,12.491,50.98,23.0,4.64,48.156,18.352,44.95,5.915,"{'smaLen': 150, 'sl': 4.0, 'ch': 4.0, 'adxThr': 0.0, 'slope': False, 'hold': False}",True
ARE,Alexandria Real Estate Equities,Real Estate,150,2.0,6.0,25.0,False,False,30.754,32.065,30.0,23.414,-3.058,35.924,12.0,-1.974,34.1,-3.193,47.729,-6.425,"{'smaLen': 150, 'sl': 2.0, 'ch': 6.0, 'adxThr': 25.0, 'slope': False, 'hold': True}",False
ALGN,Align Technology,Health Care,150,4.0,8.0,25.0,False,False,1327.696,29.033,30.0,2237.261,2.878,60.616,11.0,12.106,34.304,9.576,44.913,-4.051,"{'smaLen': 250, 'sl': 4.0, 'ch': 8.0, 'adxThr': 0.0, 'slope': False, 'hold': True}",False
ALLE,Allegion,Industrials,200,2.0,6.0,0.0,False,True,85.229,27.469,29.0,265.362,4.152,34.752,27.0,2.252,28.724,2.277,41.11,10.096,"{'smaLen': 200, 'sl': 3.0, 'ch': 4.0, 'adxThr': 0.0, 'slope': False, 'hold': False}",True
LNT,Alliant Energy,Utilities,250,2.0,8.0,15.0,True,True,107.19,25.505,40.0,837.544,1.667,30.634,16.0,-2.799,43.147,0.422,39.402,9.166,"{'smaLen': 150, 'sl': 3.0, 'ch': 6.0, 'adxThr': 0.0, 'slope': True, 'hold': True}",True
ALL,Allstate,Financials,200,4.0,8.0,20.0,False,True,382.74,26.322,27.0,587.89,7.021,31.522,14.0,4.135,24.009,5.539,38.468,16.839,"{'smaLen': 250, 'sl': 4.0, 'ch': 8.0, 'adxThr': 0.0, 'slope': False, 'hold': True}",True
GOOGL,Alphabet Inc. (Class A),Communication Services,250,4.0,4.0,0.0,False,True,947.76,22.864,78.0,3087.697,22.942,23.23,24.0,10.653,21.541,18.14,32.353,27.581,"{'smaLen': 200, 'sl': 4.0, 'ch': 4.0, 'adxThr': 0.0, 'slope': False, 'hold': True}",True
GOOG,Alphabet Inc. (Class C),Communication Services,200,4.0,4.0,0.0,False,True,871.111,24.282,80.0,3076.262,22.733,19.48,25.0,12.007,21.44,17.62,26.891,27.582,"{'smaLen': 200, 'sl': 4.0, 'ch': 4.0, 'adxThr': 0.0, 'slope': False, 'hold': True}",True
MO,Altria,Consumer Staples,150,2.0,6.0,0.0,True,True,303.673,23.73,49.0,1282.496,2.616,18.206,26.0,1.8,22.646,3.341,30.922,12.692,"{'smaLen': 150, 'sl': 2.0, 'ch': 4.0, 'adxThr': 0.0, 'slope': True, 'hold': True}",True
AMZN,Amazon,Consumer Discretionary,150,4.0,6.0,15.0,True,True,844.633,39.159,43.0,10394.746,-2.891,49.42,17.0,0.649,42.135,-1.073,56.106,16.429,"{'smaLen': 150, 'sl': 4.0, 'ch': 8.0, 'adxThr': 0.0, 'slope': True, 'hold': True}",False
AMCR,Amcor,Materials,250,3.0,8.0,20.0,False,True,3.947,26.362,22.0,94.374,-3.035,29.285,11.0,-1.721,32.327,-2.003,41.233,3.797,"{'smaLen': 150, 'sl': 2.0, 'ch': 6.0, 'adxThr': 25.0, 'slope': True, 'hold': False}",False
AEE,Ameren,Utilities,150,3.0,8.0,0.0,True,True,105.568,27.957,33.0,339.199,0.925,39.355,19.0,-1.909,33.976,0.925,39.355,8.993,"{'smaLen': 150, 'sl': 3.0, 'ch': 8.0, 'adxThr': 0.0, 'slope': False, 'hold': True}",True
AEP,American Electric Power,Utilities,250,4.0,4.0,15.0,False,True,256.598,19.051,52.0,611.936,1.836,27.217,26.0,0.276,29.854,3.855,28.862,10.231,"{'smaLen': 250, 'sl': 4.0, 'ch': 4.0, 'adxThr': 0.0, 'slope': False, 'hold': True}",True
AXP,American Express,Financials,150,2.0,8.0,25.0,False,True,455.639,26.574,23.0,699.664,8.703,26.062,10.0,-1.036,31.587,6.902,36.476,17.901,"{'smaLen': 150, 'sl': 2.0, 'ch': 8.0, 'adxThr': 25.0, 'slope': False, 'hold': True}",True
AIG,American International Group,Financials,150,4.0,8.0,0.0,False,True,48.388,47.371,44.0,-90.999,-2.628,52.891,25.0,-0.398,46.712,-0.688,51.046,11.286,"{'smaLen': 200, 'sl': 3.0, 'ch': 8.0, 'adxThr': 0.0, 'slope': False, 'hold': True}",False
AMT,American Tower,Real Estate,250,3.0,4.0,0.0,False,True,190.232,27.67,60.0,763.419,-5.614,57.484,20.0,3.522,33.599,-5.614,57.484,3.66,"{'smaLen': 150, 'sl': 3.0, 'ch': 8.0, 'adxThr': 0.0, 'slope': False, 'hold': True}",False
AWK,American Water Works,Utilities,250,2.0,8.0,15.0,True,True,307.95,32.699,26.0,895.244,-0.833,44.208,16.0,-4.073,43.626,0.296,38.577,7.235,"{'smaLen': 250, 'sl': 3.0, 'ch': 8.0, 'adxThr': 0.0, 'slope': True, 'hold': True}",False
AMP,Ameriprise Financial,Financials,200,3.0,6.0,15.0,True,False,541.152,32.207,40.0,1660.886,3.165,31.865,24.0,0.748,35.328,5.717,32.295,23.91,"{'smaLen': 200, 'sl': 3.0, 'ch': 8.0, 'adxThr': 0.0, 'slope': True, 'hold': False}",True
AME,Ametek,Industrials,200,4.0,8.0,0.0,True,True,438.789,31.701,32.0,2173.663,8.68,22.481,12.0,-1.188,32.567,5.701,27.98,19.272,"{'smaLen': 200, 'sl': 4.0, 'ch': 8.0, 'adxThr': 0.0, 'slope': True, 'hold': True}",True
AMGN,Amgen,Health Care,150,4.0,4.0,0.0,False,False,66.448,39.038,84.0,673.039,-2.935,30.466,24.0,-4.985,45.967,-2.815,47.135,13.875,"{'smaLen': 200, 'sl': 2.0, 'ch': 4.0, 'adxThr': 25.0, 'slope': False, 'hold': False}",False
APH,Amphenol,Information Technology,150,3.0,8.0,25.0,False,True,361.375,29.42,27.0,6879.894,12.658,39.809,14.0,12.75,17.51,15.84,33.965,32.946,"{'smaLen': 200, 'sl': 4.0, 'ch': 8.0, 'adxThr': 0.0, 'slope': False, 'hold': True}",False
ADI,Analog Devices,Information Technology,250,3.0,8.0,20.0,False,True,93.212,39.357,29.0,1637.473,4.746,39.357,12.0,1.318,42.113,1.215,45.003,23.913,"{'smaLen': 250, 'sl': 3.0, 'ch': 8.0, 'adxThr': 20.0, 'slope': False, 'hold': True}",True
AON,Aon plc,Financials,200,2.0,8.0,20.0,False,True,203.188,26.73,35.0,840.967,-3.011,40.062,22.0,-1.776,37.349,-1.189,41.207,9.731,"{'smaLen': 150, 'sl': 4.0, 'ch': 6.0, 'adxThr': 15.0, 'slope': True, 'hold': False}",False
APA,APA Corporation,Energy,150,4.0,8.0,0.0,True,True,70.598,57.04,29.0,-13.852,-4.379,41.47,8.0,-3.243,49.825,7.063,62.453,8.942,"{'smaLen': 200, 'sl': 4.0, 'ch': 8.0, 'adxThr': 25.0, 'slope': True, 'hold': False}",False
APO,Apollo Global Management,Financials,250,3.0,6.0,0.0,True,True,1180.12,28.946,22.0,1633.725,16.331,29.854,11.0,0.333,37.749,15.157,32.131,26.626,"{'smaLen': 250, 'sl': 4.0, 'ch': 8.0, 'adxThr': 0.0, 'slope': True, 'hold': True}",True
AAPL,Apple Inc.,Information Technology,150,3.0,4.0,0.0,False,False,2097.185,23.235,82.0,15155.318,18.868,29.434,26.0,8.323,34.481,15.977,32.935,33.051,"{'smaLen': 150, 'sl': 4.0, 'ch': 4.0, 'adxThr': 0.0, 'slope': False, 'hold': True}",True
AMAT,Applied Materials,Information Technology,250,4.0,8.0,25.0,True,True,1550.587,40.035,13.0,3546.46,7.853,43.06,10.0,9.595,42.874,24.508,41.957,42.708,"{'smaLen': 250, 'sl': 2.0, 'ch': 8.0, 'adxThr': 25.0, 'slope': True, 'hold': True}",False
APTV,Aptiv,Consumer Discretionary,150,4.0,8.0,25.0,True,True,216.823,32.45,11.0,174.13,1.32,30.193,6.0,-3.069,46.67,1.841,38.636,-3.781,"{'smaLen': 150, 'sl': 4.0, 'ch': 8.0, 'adxThr': 25.0, 'slope': True, 'hold': True}",True
ACGL,Arch Capital Group,Financials,150,3.0,6.0,0.0,True,True,347.145,23.478,44.0,1526.601,7.831,24.785,26.0,2.461,30.019,8.702,33.435,18.836,"{'smaLen': 150, 'sl': 4.0, 'ch': 4.0, 'adxThr': 0.0, 'slope': True, 'hold': True}",True
ADM,Archer Daniels Midland,Consumer Staples,250,4.0,8.0,0.0,False,True,655.387,26.731,25.0,455.152,13.903,32.633,9.0,0.705,25.782,10.011,40.815,12.497,"{'smaLen': 200, 'sl': 4.0, 'ch': 8.0, 'adxThr': 15.0, 'slope': False, 'hold': True}",True
ARES,Ares Management,Financials,250,2.0,8.0,25.0,True,True,273.041,29.566,11.0,1012.573,9.757,40.665,31.0,7.182,40.774,15.863,56.088,33.097,"{'smaLen': 250, 'sl': 4.0, 'ch': 4.0, 'adxThr': 0.0, 'slope': False, 'hold': True}",True
ANET,Arista Networks,Information Technology,200,4.0,8.0,20.0,True,True,377.182,50.34,17.0,5908.727,0.572,51.381,25.0,-9.318,68.976,3.431,55.185,42.742,"{'smaLen': 250, 'sl': 2.0, 'ch': 8.0, 'adxThr': 0.0, 'slope': False, 'hold': True}",True
AJG,Arthur J. Gallagher & Co.,Financials,250,4.0,4.0,0.0,False,False,259.607,20.999,69.0,1253.603,2.681,14.23,21.0,5.439,20.542,10.179,20.094,17.786,"{'smaLen': 150, 'sl': 2.0, 'ch': 4.0, 'adxThr': 25.0, 'slope': False, 'hold': False}",False
AIZ,Assurant,Financials,200,4.0,8.0,0.0,False,True,695.986,19.796,31.0,776.503,13.038,17.501,11.0,11.538,12.754,10.981,24.68,17.056,"{'smaLen': 200, 'sl': 4.0, 'ch': 8.0, 'adxThr': 0.0, 'slope': False, 'hold': True}",True
T,AT&T,Communication Services,200,3.0,8.0,0.0,False,True,186.371,31.891,43.0,477.486,3.114,30.127,9.0,2.121,38.131,6.089,34.536,9.036,"{'smaLen': 200, 'sl': 4.0, 'ch': 8.0, 'adxThr': 25.0, 'slope': True, 'hold': True}",True
ATO,Atmos Energy,Utilities,250,3.0,8.0,15.0,True,True,165.528,27.616,32.0,1043.529,2.962,22.426,13.0,2.906,19.594,-0.871,41.878,10.118,"{'smaLen': 150, 'sl': 4.0, 'ch': 8.0, 'adxThr': 15.0, 'slope': True, 'hold': True}",True
ADSK,Autodesk,Information Technology,250,2.0,6.0,20.0,False,True,180.92,40.702,42.0,389.825,2.004,46.558,16.0,-0.926,51.107,-0.027,58.283,6.466,"{'smaLen': 250, 'sl': 3.0, 'ch': 6.0, 'adxThr': 20.0, 'slope': False, 'hold': True}",True
ADP,Automatic Data Processing,Industrials,250,3.0,6.0,0.0,True,True,256.203,18.421,41.0,1086.811,2.321,34.773,14.0,8.06,14.61,7.619,22.482,11.994,"{'smaLen': 150, 'sl': 4.0, 'ch': 8.0, 'adxThr': 0.0, 'slope': True, 'hold': True}",False
AZO,AutoZone,Consumer Discretionary,200,2.0,8.0,0.0,True,True,548.007,28.345,38.0,2996.334,3.789,29.141,26.0,0.88,31.624,3.552,31.228,17.249,"{'smaLen': 150, 'sl': 2.0, 'ch': 8.0, 'adxThr': 0.0, 'slope': True, 'hold': False}",True
AVY,Avery Dennison,Materials,150,2.0,6.0,25.0,True,False,206.651,14.903,27.0,400.81,1.774,18.941,12.0,1.173,21.576,-1.034,47.898,10.574,"{'smaLen': 250, 'sl': 2.0, 'ch': 6.0, 'adxThr': 25.0, 'slope': False, 'hold': False}",True
AXON,Axon Enterprise,Industrials,250,2.0,4.0,0.0,False,False,2425.903,34.947,74.0,5992.209,9.825,38.766,21.0,7.582,40.586,12.288,41.543,33.836,"{'smaLen': 200, 'sl': 4.0, 'ch': 6.0, 'adxThr': 0.0, 'slope': True, 'hold': False}",True
BKR,Baker Hughes,Energy,250,4.0,4.0,15.0,False,False,180.432,29.683,55.0,88.896,-0.656,40.921,32.0,1.367,27.904,-3.114,44.215,17.121,"{'smaLen': 150, 'sl': 3.0, 'ch': 4.0, 'adxThr': 0.0, 'slope': False, 'hold': False}",False
BALL,Ball Corporation,Materials,250,3.0,8.0,25.0,False,True,196.974,25.108,22.0,591.705,1.011,32.514,12.0,6.365,28.816,3.746,36.512,4.345,"{'smaLen': 250, 'sl': 4.0, 'ch': 8.0, 'adxThr': 25.0, 'slope': False, 'hold': True}",False
BAC,Bank of America,Financials,150,2.0,8.0,0.0,True,True,173.553,48.256,41.0,87.895,0.568,30.044,14.0,0.482,31.161,1.866,36.789,13.887,"{'smaLen': 250, 'sl': 2.0, 'ch': 8.0, 'adxThr': 15.0, 'slope': True, 'hold': True}",True
BAX,Baxter International,Health Care,200,4.0,6.0,15.0,False,True,88.891,35.953,43.0,63.585,-6.962,55.73,13.0,-3.921,50.013,-9.309,68.805,-10.951,"{'smaLen': 150, 'sl': 4.0, 'ch': 8.0, 'adxThr': 20.0, 'slope': False, 'hold': True}",False
BDX,Becton Dickinson,Health Care,250,2.0,8.0,0.0,True,True,90.645,57.218,39.0,464.561,-7.1,56.423,19.0,-4.969,43.421,-6.191,53.016,2.762,"{'smaLen': 250, 'sl': 3.0, 'ch': 8.0, 'adxThr': 0.0, 'slope': True, 'hold': True}",False
BRK.B,Berkshire Hathaway,Financials,200,4.0,8.0,0.0,True,True,185.464,25.127,37.0,752.411,2.116,31.994,11.0,3.507,28.066,3.914,26.262,12.529,"{'smaLen': 200, 'sl': 3.0, 'ch': 8.0, 'adxThr': 20.0, 'slope': True, 'hold': True}",False
BBY,Best Buy,Consumer Discretionary,150,4.0,8.0,0.0,True,False,125.657,42.876,43.0,272.539,-1.365,52.517,16.0,1.82,43.237,2.822,39.494,11.335,"{'smaLen': 150, 'sl': 4.0, 'ch': 8.0, 'adxThr': 0.0, 'slope': True, 'hold': True}",False
TECH,Bio-Techne,Health Care,250,4.0,6.0,20.0,True,True,120.615,36.28,27.0,511.978,-12.02,77.311,35.0,-3.332,69.517,-8.869,83.249,10.22,"{'smaLen': 250, 'sl': 2.0, 'ch': 4.0, 'adxThr': 15.0, 'slope': False, 'hold': True}",False
BIIB,Biogen,Health Care,200,4.0,8.0,25.0,True,True,350.921,41.268,17.0,386.949,-4.382,35.203,8.0,-0.78,38.782,-0.0,43.79,-3.7,"{'smaLen': 150, 'sl': 4.0, 'ch': 4.0, 'adxThr': 25.0, 'slope': True, 'hold': True}",False
BLK,BlackRock,Financials,150,3.0,6.0,20.0,False,False,342.388,30.546,42.0,1531.114,2.683,26.079,18.0,6.801,19.399,9.009,23.901,17.039,"{'smaLen': 200, 'sl': 2.0, 'ch': 6.0, 'adxThr': 20.0, 'slope': False, 'hold': False}",False
BX,Blackstone Inc.,Financials,200,4.0,8.0,15.0,True,False,1546.845,24.279,28.0,828.674,12.735,57.586,24.0,12.713,30.406,11.173,62.96,23.814,"{'smaLen': 150, 'sl': 3.0, 'ch': 8.0, 'adxThr': 0.0, 'slope': False, 'hold': False}",True
BNY,BNY Mellon,Financials,200,3.0,8.0,20.0,True,True,315.568,25.59,20.0,600.863,1.3,41.769,19.0,5.717,32.273,14.195,32.833,19.294,"{'smaLen': 200, 'sl': 2.0, 'ch': 6.0, 'adxThr': 20.0, 'slope': True, 'hold': True}",False
BA,Boeing,Industrials,150,4.0,4.0,0.0,True,False,349.387,28.67,60.0,295.194,0.567,34.609,9.0,2.288,32.755,-4.688,61.007,-5.806,"{'smaLen': 150, 'sl': 3.0, 'ch': 8.0, 'adxThr': 20.0, 'slope': True, 'hold': True}",False
BKNG,Booking Holdings,Consumer Discretionary,150,3.0,8.0,25.0,True,True,1540.594,44.127,25.0,18400.552,-3.096,34.519,9.0,-7.695,52.144,-6.367,63.182,12.202,"{'smaLen': 250, 'sl': 3.0, 'ch': 8.0, 'adxThr': 25.0, 'slope': True, 'hold': True}",False
BSX,Boston Scientific,Health Care,250,2.0,8.0,20.0,True,False,292.014,18.492,26.0,79.558,1.732,19.002,9.0,0.969,30.495,5.896,22.056,3.185,"{'smaLen': 250, 'sl': 2.0, 'ch': 6.0, 'adxThr': 25.0, 'slope': True, 'hold': True}",True
BMY,Bristol Myers Squibb,Health Care,200,4.0,8.0,0.0,False,True,187.943,34.355,36.0,494.776,-0.282,31.018,17.0,4.052,21.373,6.383,24.138,6.311,"{'smaLen': 250, 'sl': 3.0, 'ch': 4.0, 'adxThr': 15.0, 'slope': True, 'hold': True}",False
AVGO,Broadcom,Information Technology,250,2.0,8.0,0.0,True,True,2668.78,41.88,28.0,31024.974,21.65,38.865,13.0,11.191,44.471,25.959,38.89,44.101,"{'smaLen': 250, 'sl': 3.0, 'ch': 8.0, 'adxThr': 0.0, 'slope': True, 'hold': True}",True
BR,Broadridge Financial Solutions,Industrials,200,2.0,8.0,20.0,False,True,330.356,32.554,34.0,1105.468,2.604,32.554,15.0,0.365,30.164,5.84,21.066,9.199,"{'smaLen': 200, 'sl': 2.0, 'ch': 8.0, 'adxThr': 20.0, 'slope': False, 'hold': True}",True
BRO,Brown & Brown,Financials,150,2.0,6.0,25.0,False,True,133.863,21.188,28.0,393.472,8.4,22.877,11.0,3.41,25.187,7.012,27.086,11.882,"{'smaLen': 150, 'sl': 4.0, 'ch': 6.0, 'adxThr': 25.0, 'slope': False, 'hold': True}",True
BF.B,Brown–Forman,Consumer Staples,250,2.0,4.0,0.0,True,False,38.35,24.252,64.0,161.735,-3.393,33.238,19.0,-7.706,53.906,-7.129,64.563,-5.296,"{'smaLen': 150, 'sl': 3.0, 'ch': 4.0, 'adxThr': 0.0, 'slope': True, 'hold': False}",False
BG,Bunge Global,Consumer Staples,250,2.0,4.0,25.0,True,False,67.883,27.009,29.0,197.616,0.764,36.467,21.0,7.226,27.54,4.952,44.941,13.004,"{'smaLen': 150, 'sl': 3.0, 'ch': 4.0, 'adxThr': 15.0, 'slope': True, 'hold': False}",False
BXP,"BXP, Inc.",Real Estate,200,2.0,4.0,0.0,False,True,88.872,26.006,69.0,100.71,-2.678,29.361,10.0,1.402,23.488,-0.988,29.835,-2.45,"{'smaLen': 150, 'sl': 3.0, 'ch': 4.0, 'adxThr': 25.0, 'slope': True, 'hold': True}",False
CHRW,C.H. Robinson,Industrials,150,2.0,4.0,25.0,False,False,31.631,35.515,37.0,513.717,2.04,27.985,14.0,0.722,39.038,-2.011,46.526,10.188,"{'smaLen': 150, 'sl': 2.0, 'ch': 4.0, 'adxThr': 25.0, 'slope': False, 'hold': False}",True
CDNS,Cadence Design Systems,Information Technology,150,4.0,6.0,0.0,False,True,571.726,30.918,49.0,1824.071,12.952,30.918,21.0,2.895,34.222,13.929,41.297,29.846,"{'smaLen': 150, 'sl': 4.0, 'ch': 6.0, 'adxThr': 0.0, 'slope': False, 'hold': True}",True
CPT,Camden Property Trust,Real Estate,150,3.0,6.0,0.0,True,True,148.979,33.927,39.0,295.981,4.006,32.33,15.0,5.857,21.928,-0.026,38.616,5.398,"{'smaLen': 250, 'sl': 3.0, 'ch': 6.0, 'adxThr': 0.0, 'slope': False, 'hold': True}",False
COF,Capital One,Financials,250,4.0,6.0,25.0,True,False,96.581,18.456,17.0,217.616,4.011,21.401,12.0,10.373,22.241,10.547,38.28,15.052,"{'smaLen': 250, 'sl': 3.0, 'ch': 6.0, 'adxThr': 20.0, 'slope': True, 'hold': True}",False
CAH,Cardinal Health,Health Care,150,3.0,8.0,20.0,True,True,217.916,53.456,25.0,593.762,2.467,40.088,11.0,4.847,46.45,5.423,46.975,26.042,"{'smaLen': 150, 'sl': 3.0, 'ch': 8.0, 'adxThr': 25.0, 'slope': True, 'hold': True}",False
CCL,Carnival Corporation,Consumer Discretionary,150,2.0,6.0,0.0,True,True,109.119,38.39,49.0,-38.234,-2.868,45.059,12.0,0.821,38.725,-7.838,59.613,-9.105,"{'smaLen': 150, 'sl': 3.0, 'ch': 4.0, 'adxThr': 25.0, 'slope': True, 'hold': False}",False
CASY,Casey's,Consumer Staples,150,4.0,8.0,0.0,True,True,187.817,47.197,37.0,2707.097,10.714,32.08,13.0,-0.623,42.218,9.684,30.783,23.055,"{'smaLen': 150, 'sl': 4.0, 'ch': 8.0, 'adxThr': 0.0, 'slope': True, 'hold': True}",True
CAT,Caterpillar Inc.,Industrials,150,2.0,8.0,0.0,True,False,876.575,29.006,50.0,2263.459,16.988,25.848,16.0,19.139,26.143,15.404,32.85,30.013,"{'smaLen': 150, 'sl': 2.0, 'ch': 6.0, 'adxThr': 0.0, 'slope': True, 'hold': True}",False
CBOE,Cboe Global Markets,Financials,150,4.0,8.0,0.0,False,True,602.259,24.717,27.0,899.883,-0.463,23.091,22.0,-1.546,26.457,8.487,24.717,15.118,"{'smaLen': 250, 'sl': 4.0, 'ch': 6.0, 'adxThr': 15.0, 'slope': True, 'hold': False}",False
CBRE,CBRE Group,Real Estate,150,3.0,8.0,0.0,False,True,1517.544,34.35,37.0,569.514,9.284,34.35,17.0,6.714,33.879,9.284,34.35,17.001,"{'smaLen': 150, 'sl': 3.0, 'ch': 8.0, 'adxThr': 0.0, 'slope': False, 'hold': True}",True
CDW,CDW Corporation,Information Technology,150,4.0,6.0,0.0,True,True,134.35,26.295,25.0,756.096,-1.503,55.817,17.0,1.839,21.0,-0.921,55.834,8.573,"{'smaLen': 150, 'sl': 3.0, 'ch': 8.0, 'adxThr': 15.0, 'slope': False, 'hold': True}",False
COR,Cencora,Health Care,150,4.0,8.0,25.0,True,True,550.115,22.769,19.0,2158.851,5.323,19.74,12.0,3.069,24.411,4.181,31.181,24.074,"{'smaLen': 150, 'sl': 4.0, 'ch': 8.0, 'adxThr': 25.0, 'slope': True, 'hold': False}",True
CNC,Centene Corporation,Health Care,150,4.0,8.0,25.0,True,True,148.856,38.492,21.0,834.896,-0.949,41.065,9.0,-2.24,52.894,-2.303,58.451,1.17,"{'smaLen': 150, 'sl': 3.0, 'ch': 8.0, 'adxThr': 25.0, 'slope': True, 'hold': True}",False
CNP,CenterPoint Energy,Utilities,250,2.0,8.0,25.0,True,True,186.448,21.172,17.0,534.238,1.119,22.338,15.0,-0.046,27.064,5.307,27.327,6.597,"{'smaLen': 150, 'sl': 2.0, 'ch': 6.0, 'adxThr': 20.0, 'slope': True, 'hold': False}",True
CF,CF Industries,Materials,250,4.0,8.0,0.0,False,True,2643.37,44.061,29.0,5415.814,4.683,56.009,17.0,11.874,43.183,3.857,52.428,16.662,"{'smaLen': 150, 'sl': 4.0, 'ch': 8.0, 'adxThr': 0.0, 'slope': False, 'hold': True}",False
CRL,Charles River Laboratories,Health Care,200,3.0,4.0,0.0,True,True,333.009,27.255,58.0,586.451,6.285,62.909,22.0,-0.141,57.198,7.738,59.766,13.346,"{'smaLen': 150, 'sl': 3.0, 'ch': 8.0, 'adxThr': 0.0, 'slope': False, 'hold': False}",True
SCHW,Charles Schwab Corporation,Financials,150,3.0,4.0,20.0,True,True,72.276,31.971,43.0,797.246,-3.576,40.466,21.0,-4.219,44.373,1.806,39.898,13.462,"{'smaLen': 150, 'sl': 3.0, 'ch': 8.0, 'adxThr': 20.0, 'slope': False, 'hold': False}",False
CHTR,Charter Communications,Communication Services,150,2.0,8.0,20.0,True,True,377.636,26.342,19.0,222.6,-3.033,35.158,8.0,1.442,34.932,-1.334,53.412,-11.398,"{'smaLen': 150, 'sl': 2.0, 'ch': 8.0, 'adxThr': 25.0, 'slope': True, 'hold': True}",False
CVX,Chevron Corporation,Energy,200,4.0,4.0,0.0,True,True,134.472,32.968,65.0,666.632,0.177,40.742,27.0,2.323,34.089,0.537,44.862,13.043,"{'smaLen': 250, 'sl': 4.0, 'ch': 4.0, 'adxThr': 0.0, 'slope': True, 'hold': True}",False
CMG,Chipotle Mexican Grill,Consumer Discretionary,150,4.0,8.0,15.0,True,True,2221.286,34.433,28.0,3460.227,11.001,45.655,16.0,15.842,26.723,10.686,47.111,17.72,"{'smaLen': 150, 'sl': 4.0, 'ch': 8.0, 'adxThr': 0.0, 'slope': False, 'hold': True}",False
CB,Chubb Limited,Financials,250,3.0,8.0,0.0,False,True,163.052,37.535,35.0,824.936,8.716,25.396,12.0,-0.271,20.752,5.465,27.938,15.095,"{'smaLen': 250, 'sl': 3.0, 'ch': 8.0, 'adxThr': 0.0, 'slope': False, 'hold': True}",True
CHD,Church & Dwight,Consumer Staples,150,2.0,8.0,15.0,True,True,143.305,21.864,39.0,1400.221,-3.848,40.675,20.0,1.66,25.947,-0.684,34.642,6.62,"{'smaLen': 250, 'sl': 2.0, 'ch': 8.0, 'adxThr': 0.0, 'slope': True, 'hold': True}",False
CIEN,Ciena,Information Technology,200,4.0,6.0,20.0,True,False,511.32,52.435,36.0,1571.71,17.976,58.065,23.0,18.636,53.466,13.43,62.653,35.541,"{'smaLen': 150, 'sl': 4.0, 'ch': 8.0, 'adxThr': 0.0, 'slope': False, 'hold': False}",False
CI,Cigna,Health Care,150,3.0,6.0,15.0,True,True,570.598,28.671,30.0,716.897,1.342,31.061,12.0,-7.616,57.508,-7.733,55.524,6.401,"{'smaLen': 150, 'sl': 4.0, 'ch': 6.0, 'adxThr': 15.0, 'slope': True, 'hold': True}",True
CINF,Cincinnati Financial,Financials,150,2.0,4.0,20.0,True,True,207.468,21.123,46.0,648.576,2.445,26.493,18.0,3.861,30.459,4.27,38.347,13.221,"{'smaLen': 150, 'sl': 3.0, 'ch': 4.0, 'adxThr': 20.0, 'slope': True, 'hold': False}",False
CTAS,Cintas,Industrials,200,4.0,8.0,15.0,False,True,1094.957,32.078,28.0,2455.715,12.81,30.824,8.0,8.712,31.19,14.631,24.033,23.559,"{'smaLen': 200, 'sl': 4.0, 'ch': 8.0, 'adxThr': 20.0, 'slope': True, 'hold': True}",True
CSCO,Cisco,Information Technology,150,4.0,6.0,20.0,True,True,218.057,26.593,33.0,853.671,9.735,19.216,13.0,5.337,26.154,10.008,29.905,15.779,"{'smaLen': 150, 'sl': 4.0, 'ch': 6.0, 'adxThr': 20.0, 'slope': True, 'hold': True}",True
C,Citigroup,Financials,250,4.0,8.0,20.0,False,True,321.76,26.965,19.0,-57.062,8.137,23.618,9.0,9.564,19.138,7.5,50.535,16.488,"{'smaLen': 250, 'sl': 4.0, 'ch': 8.0, 'adxThr': 20.0, 'slope': False, 'hold': True}",False
CFG,Citizens Financial Group,Financials,250,4.0,8.0,0.0,True,True,122.237,25.433,12.0,328.08,-1.523,41.086,14.0,2.239,42.028,6.743,50.676,15.172,"{'smaLen': 250, 'sl': 2.0, 'ch': 4.0, 'adxThr': 25.0, 'slope': False, 'hold': False}",False
CLX,Clorox,Consumer Staples,250,4.0,8.0,0.0,True,True,89.494,29.181,30.0,171.463,-2.054,46.654,15.0,-0.56,29.655,-2.485,47.837,-4.405,"{'smaLen': 150, 'sl': 4.0, 'ch': 8.0, 'adxThr': 0.0, 'slope': False, 'hold': True}",False
CME,CME Group,Financials,250,4.0,8.0,0.0,False,True,363.083,36.142,28.0,648.919,10.03,16.82,7.0,8.71,15.709,4.169,24.906,8.58,"{'smaLen': 250, 'sl': 4.0, 'ch': 8.0, 'adxThr': 0.0, 'slope': False, 'hold': True}",True
CMS,CMS Energy,Utilities,150,4.0,8.0,25.0,True,True,177.222,17.75,17.0,711.321,-1.127,30.234,18.0,-1.757,23.529,-2.219,45.149,6.603,"{'smaLen': 150, 'sl': 4.0, 'ch': 6.0, 'adxThr': 15.0, 'slope': True, 'hold': True}",False
KO,Coca-Cola Company (The),Consumer Staples,150,3.0,8.0,20.0,False,True,185.907,18.91,31.0,704.229,-0.86,25.111,28.0,3.517,19.843,5.535,18.713,11.771,"{'smaLen': 200, 'sl': 4.0, 'ch': 4.0, 'adxThr': 15.0, 'slope': False, 'hold': True}",False
CTSH,Cognizant,Information Technology,150,4.0,8.0,15.0,True,True,243.021,43.518,26.0,419.733,0.384,29.934,15.0,-1.294,23.123,2.985,19.665,0.331,"{'smaLen': 250, 'sl': 2.0, 'ch': 8.0, 'adxThr': 15.0, 'slope': False, 'hold': True}",True
COHR,Coherent Corp.,Information Technology,250,3.0,8.0,15.0,True,False,627.094,54.971,41.0,3444.997,15.639,58.906,25.0,22.896,46.596,7.942,61.304,33.335,"{'smaLen': 150, 'sl': 2.0, 'ch': 8.0, 'adxThr': 0.0, 'slope': False, 'hold': False}",False
CL,Colgate-Palmolive,Consumer Staples,250,4.0,8.0,20.0,False,True,39.285,35.21,30.0,408.938,-1.56,28.713,13.0,0.83,28.926,-0.706,33.083,7.473,"{'smaLen': 250, 'sl': 4.0, 'ch': 8.0, 'adxThr': 20.0, 'slope': False, 'hold': True}",False
CMCSA,Comcast,Communication Services,250,4.0,8.0,25.0,True,True,82.273,28.9,16.0,304.051,-2.322,26.918,9.0,-4.935,39.357,2.686,35.778,-2.199,"{'smaLen': 200, 'sl': 3.0, 'ch': 6.0, 'adxThr': 25.0, 'slope': True, 'hold': True}",False
FIX,Comfort Systems USA,Industrials,200,3.0,8.0,0.0,True,True,3845.633,67.315,31.0,21910.851,41.243,39.631,10.0,24.076,32.058,46.987,32.716,61.016,"{'smaLen': 150, 'sl': 4.0, 'ch': 8.0, 'adxThr': 0.0, 'slope': True, 'hold': True}",True
COP,ConocoPhillips,Energy,150,3.0,4.0,0.0,True,False,337.611,24.894,57.0,450.712,5.287,32.131,23.0,-0.999,46.941,7.819,34.207,13.221,"{'smaLen': 200, 'sl': 4.0, 'ch': 4.0, 'adxThr': 0.0, 'slope': True, 'hold': True}",True
ED,Consolidated Edison,Utilities,250,2.0,4.0,0.0,True,True,119.076,20.56,61.0,422.663,0.551,20.56,27.0,-3.486,38.65,-1.063,30.816,7.971,"{'smaLen': 250, 'sl': 2.0, 'ch': 4.0, 'adxThr': 0.0, 'slope': True, 'hold': True}",True
STZ,Constellation Brands,Consumer Staples,200,4.0,8.0,20.0,True,True,179.996,31.64,25.0,421.54,-5.044,34.786,18.0,-3.368,28.312,-7.373,50.15,-2.947,"{'smaLen': 200, 'sl': 2.0, 'ch': 6.0, 'adxThr': 15.0, 'slope': True, 'hold': True}",False
COO,Cooper Companies (The),Health Care,200,2.0,8.0,0.0,False,False,367.182,24.304,55.0,337.215,-3.88,34.923,17.0,-0.512,22.868,-1.386,38.579,-1.572,"{'smaLen': 250, 'sl': 2.0, 'ch': 8.0, 'adxThr': 25.0, 'slope': False, 'hold': False}",False
CPRT,Copart,Industrials,250,3.0,8.0,25.0,True,True,455.972,37.804,23.0,1817.637,13.847,21.341,6.0,3.224,32.065,11.086,45.868,11.457,"{'smaLen': 250, 'sl': 3.0, 'ch': 8.0, 'adxThr': 25.0, 'slope': True, 'hold': True}",True
GLW,Corning Inc.,Information Technology,150,3.0,4.0,0.0,True,True,376.8,26.959,55.0,1093.73,14.969,25.497,24.0,14.193,35.059,20.687,42.626,27.143,"{'smaLen': 150, 'sl': 3.0, 'ch': 4.0, 'adxThr': 0.0, 'slope': True, 'hold': True}",True
CPAY,Corpay,Financials,200,4.0,6.0,25.0,True,False,124.604,31.925,21.0,1360.954,-5.834,46.591,23.0,-7.909,57.556,-12.514,76.491,10.37,"{'smaLen': 200, 'sl': 2.0, 'ch': 6.0, 'adxThr': 15.0, 'slope': True, 'hold': False}",False
CSGP,CoStar Group,Real Estate,150,4.0,8.0,0.0,False,True,443.978,52.748,38.0,537.54,-1.882,55.846,16.0,-2.403,53.617,-4.309,62.712,-2.24,"{'smaLen': 200, 'sl': 4.0, 'ch': 8.0, 'adxThr': 0.0, 'slope': True, 'hold': True}",False
COST,Costco,Consumer Staples,150,2.0,8.0,0.0,False,True,688.104,30.329,44.0,2632.381,12.317,31.391,15.0,6.463,27.108,12.317,31.391,23.122,"{'smaLen': 150, 'sl': 3.0, 'ch': 8.0, 'adxThr': 0.0, 'slope': False, 'hold': True}",True
CRH,CRH plc,Materials,150,3.0,8.0,25.0,False,False,55.137,28.388,24.0,429.543,5.569,19.591,9.0,3.412,27.448,7.538,28.536,19.538,"{'smaLen': 200, 'sl': 4.0, 'ch': 8.0, 'adxThr': 25.0, 'slope': False, 'hold': False}",True
CCI,Crown Castle,Real Estate,150,3.0,6.0,20.0,False,False,25.234,30.875,44.0,323.665,-2.999,30.631,13.0,-2.728,33.928,-4.179,50.467,-1.417,"{'smaLen': 250, 'sl': 2.0, 'ch': 8.0, 'adxThr': 25.0, 'slope': False, 'hold': False}",False
CSX,CSX Corporation,Industrials,150,4.0,8.0,0.0,True,True,341.715,31.698,37.0,2299.443,-0.476,29.332,10.0,-1.424,31.56,0.634,36.15,12.639,"{'smaLen': 150, 'sl': 4.0, 'ch': 6.0, 'adxThr': 25.0, 'slope': True, 'hold': True}",False
CMI,Cummins,Industrials,150,4.0,8.0,15.0,False,True,1099.002,45.652,35.0,3508.319,14.304,30.58,13.0,7.255,35.038,15.794,30.596,22.344,"{'smaLen': 150, 'sl': 3.0, 'ch': 8.0, 'adxThr': 15.0, 'slope': False, 'hold': True}",True
CVS,CVS Health,Health Care,150,3.0,6.0,25.0,True,False,79.15,18.917,28.0,421.893,2.683,26.296,12.0,4.477,37.122,4.631,40.816,7.462,"{'smaLen': 200, 'sl': 3.0, 'ch': 4.0, 'adxThr': 25.0, 'slope': False, 'hold': False}",False
DHR,Danaher Corporation,Health Care,150,4.0,8.0,20.0,True,True,458.669,23.608,27.0,1895.522,9.274,32.419,10.0,5.962,29.465,7.146,48.934,13.199,"{'smaLen': 150, 'sl': 4.0, 'ch': 8.0, 'adxThr': 0.0, 'slope': True, 'hold': True}",True
DRI,Darden Restaurants,Consumer Discretionary,250,4.0,8.0,0.0,True,True,59.686,47.056,36.0,960.866,-7.982,52.931,32.0,-0.499,27.055,4.064,42.837,12.518,"{'smaLen': 250, 'sl': 2.0, 'ch': 4.0, 'adxThr': 0.0, 'slope': True, 'hold': False}",False
DVA,DaVita,Health Care,200,3.0,8.0,0.0,True,True,314.464,33.419,29.0,592.818,-0.722,48.904,22.0,-1.112,33.214,7.354,38.401,17.358,"{'smaLen': 150, 'sl': 4.0, 'ch': 8.0, 'adxThr': 15.0, 'slope': False, 'hold': False}",False
DECK,Deckers Brands,Consumer Discretionary,250,4.0,8.0,0.0,False,True,3045.516,39.326,28.0,4716.532,20.655,38.651,10.0,1.81,39.07,23.415,32.666,18.201,"{'smaLen': 250, 'sl': 4.0, 'ch': 8.0, 'adxThr': 0.0, 'slope': False, 'hold': True}",True
DE,Deere & Company,Industrials,200,3.0,8.0,15.0,True,True,782.284,41.469,33.0,2898.647,2.755,35.909,22.0,6.659,25.247,3.225,58.988,23.7,"{'smaLen': 250, 'sl': 4.0, 'ch': 4.0, 'adxThr': 20.0, 'slope': True, 'hold': True}",False
DAL,Delta Air Lines,Industrials,200,3.0,6.0,25.0,False,True,114.604,46.472,26.0,378.132,-6.589,45.341,19.0,-1.113,45.842,-5.005,56.897,8.024,"{'smaLen': 250, 'sl': 2.0, 'ch': 8.0, 'adxThr': 20.0, 'slope': False, 'hold': True}",False
DVN,Devon Energy,Energy,150,3.0,8.0,25.0,True,True,179.36,45.842,20.0,19.784,-4.683,42.718,9.0,-0.83,56.888,13.595,61.945,14.662,"{'smaLen': 250, 'sl': 4.0, 'ch': 8.0, 'adxThr': 25.0, 'slope': True, 'hold': False}",False
DXCM,Dexcom,Health Care,150,4.0,8.0,0.0,True,False,429.373,48.319,43.0,2289.517,-0.411,53.736,12.0,1.604,46.135,-5.984,73.503,15.297,"{'smaLen': 150, 'sl': 4.0, 'ch': 8.0, 'adxThr': 15.0, 'slope': True, 'hold': True}",False
FANG,Diamondback Energy,Energy,150,2.0,8.0,20.0,True,True,445.373,29.763,14.0,1302.979,3.638,31.522,10.0,4.964,27.188,-0.547,66.126,12.978,"{'smaLen': 150, 'sl': 4.0, 'ch': 4.0, 'adxThr': 25.0, 'slope': False, 'hold': False}",False
DLR,Digital Realty,Real Estate,150,3.0,8.0,25.0,True,True,318.332,35.556,22.0,1637.57,-1.871,46.021,16.0,-4.02,44.722,-1.729,48.955,11.047,"{'smaLen': 150, 'sl': 3.0, 'ch': 8.0, 'adxThr': 0.0, 'slope': True, 'hold': True}",False
DG,Dollar General,Consumer Staples,250,2.0,6.0,0.0,True,True,132.642,25.613,36.0,540.46,-0.939,29.809,18.0,2.571,20.699,3.398,38.484,3.346,"{'smaLen': 200, 'sl': 4.0, 'ch': 6.0, 'adxThr': 0.0, 'slope': True, 'hold': True}",False
DLTR,Dollar Tree,Consumer Staples,150,3.0,4.0,15.0,False,False,302.809,37.742,61.0,1314.091,0.016,46.937,26.0,-0.956,37.099,-3.184,59.826,2.934,"{'smaLen': 150, 'sl': 2.0, 'ch': 4.0, 'adxThr': 15.0, 'slope': False, 'hold': True}",True
D,Dominion Energy,Utilities,250,2.0,8.0,0.0,True,True,24.723,35.658,41.0,260.063,-1.941,25.784,22.0,-5.956,44.123,0.157,40.951,2.349,"{'smaLen': 150, 'sl': 4.0, 'ch': 4.0, 'adxThr': 15.0, 'slope': True, 'hold': True}",False
DPZ,Domino's,Consumer Discretionary,250,2.0,6.0,0.0,True,True,2006.012,25.528,42.0,2526.632,2.371,25.528,15.0,3.459,21.59,-7.163,55.114,3.71,"{'smaLen': 250, 'sl': 2.0, 'ch': 6.0, 'adxThr': 0.0, 'slope': True, 'hold': True}",False
DOV,Dover Corporation,Industrials,200,4.0,8.0,0.0,False,True,359.997,30.722,35.0,918.151,-0.607,22.248,25.0,3.505,20.088,9.854,21.054,15.289,"{'smaLen': 250, 'sl': 4.0, 'ch': 4.0, 'adxThr': 15.0, 'slope': True, 'hold': True}",False
DHI,D. R. Horton,Consumer Discretionary,250,3.0,8.0,20.0,True,True,262.445,41.944,22.0,405.356,4.535,38.18,8.0,1.091,44.163,9.089,42.27,20.98,"{'smaLen': 250, 'sl': 4.0, 'ch': 8.0, 'adxThr': 25.0, 'slope': True, 'hold': True}",True
DTE,DTE Energy,Utilities,250,4.0,8.0,0.0,True,True,161.734,22.798,30.0,635.088,1.145,24.238,11.0,-0.8,22.443,0.867,32.672,7.199,"{'smaLen': 250, 'sl': 4.0, 'ch': 8.0, 'adxThr': 15.0, 'slope': True, 'hold': True}",True
DUK,Duke Energy,Utilities,150,4.0,8.0,0.0,True,True,95.687,29.63,37.0,487.174,-4.332,41.857,29.0,-2.993,28.229,-2.063,37.466,8.043,"{'smaLen': 200, 'sl': 4.0, 'ch': 4.0, 'adxThr': 15.0, 'slope': True, 'hold': True}",False
DD,DuPont,Industrials,150,4.0,8.0,20.0,False,True,281.268,30.797,25.0,203.844,1.985,33.861,11.0,2.913,29.667,1.773,34.329,6.016,"{'smaLen': 200, 'sl': 2.0, 'ch': 8.0, 'adxThr': 20.0, 'slope': False, 'hold': True}",False
ETN,Eaton Corporation,Industrials,200,3.0,8.0,20.0,True,True,415.434,29.694,26.0,2112.212,6.535,34.155,14.0,8.3,23.436,14.148,25.187,29.65,"{'smaLen': 250, 'sl': 2.0, 'ch': 8.0, 'adxThr': 20.0, 'slope': False, 'hold': True}",False
EBAY,eBay Inc.,Consumer Discretionary,150,2.0,8.0,0.0,False,True,186.684,44.476,54.0,553.878,1.168,47.804,30.0,2.022,38.431,8.555,38.604,20.531,"{'smaLen': 150, 'sl': 2.0, 'ch': 6.0, 'adxThr': 0.0, 'slope': False, 'hold': True}",False
ECHO,EchoStar,Communication Services,200,3.0,8.0,20.0,True,True,402.028,41.633,18.0,241.196,4.81,68.412,13.0,-7.358,66.889,1.228,74.491,15.323,"{'smaLen': 150, 'sl': 4.0, 'ch': 8.0, 'adxThr': 20.0, 'slope': False, 'hold': True}",True
ECL,Ecolab,Materials,200,4.0,8.0,0.0,False,True,72.986,42.339,43.0,893.724,0.195,44.908,20.0,1.809,24.147,0.21,44.844,10.018,"{'smaLen': 150, 'sl': 4.0, 'ch': 8.0, 'adxThr': 0.0, 'slope': False, 'hold': True}",False
EIX,Edison International,Utilities,150,4.0,6.0,0.0,False,False,135.628,31.531,61.0,145.312,0.803,23.396,20.0,-2.44,24.564,1.0,23.355,3.493,"{'smaLen': 150, 'sl': 2.0, 'ch': 8.0, 'adxThr': 0.0, 'slope': False, 'hold': True}",True
EW,Edwards Lifesciences,Health Care,250,2.0,4.0,0.0,False,False,228.16,36.158,78.0,2401.159,-5.048,50.14,23.0,-2.276,49.732,-8.746,65.601,7.378,"{'smaLen': 200, 'sl': 2.0, 'ch': 8.0, 'adxThr': 0.0, 'slope': False, 'hold': True}",False
ELV,Elevance Health,Health Care,150,3.0,8.0,20.0,True,True,101.676,36.256,26.0,533.775,-4.647,37.11,10.0,-3.233,42.421,-3.577,51.795,7.334,"{'smaLen': 150, 'sl': 4.0, 'ch': 6.0, 'adxThr': 25.0, 'slope': True, 'hold': False}",False
EME,Emcor,Industrials,150,3.0,8.0,0.0,False,True,473.801,42.741,51.0,4548.822,13.115,18.811,11.0,15.576,28.952,25.876,26.275,39.596,"{'smaLen': 250, 'sl': 4.0, 'ch': 8.0, 'adxThr': 25.0, 'slope': True, 'hold': False}",False
EMR,Emerson Electric,Industrials,250,4.0,4.0,25.0,False,False,52.688,23.548,29.0,635.418,-3.524,34.781,18.0,2.895,23.877,-4.433,40.953,16.013,"{'smaLen': 250, 'sl': 4.0, 'ch': 8.0, 'adxThr': 0.0, 'slope': True, 'hold': True}",False
ETR,Entergy,Utilities,250,4.0,8.0,0.0,False,True,393.94,29.616,36.0,532.13,3.855,34.652,18.0,3.896,34.451,9.992,41.499,15.668,"{'smaLen': 250, 'sl': 4.0, 'ch': 8.0, 'adxThr': 20.0, 'slope': False, 'hold': False}",False
EOG,EOG Resources,Energy,150,4.0,8.0,20.0,True,True,194.266,46.648,25.0,423.922,1.768,62.659,18.0,0.718,39.936,2.285,64.2,10.113,"{'smaLen': 150, 'sl': 4.0, 'ch': 8.0, 'adxThr': 0.0, 'slope': False, 'hold': True}",True
EQT,EQT Corporation,Energy,150,4.0,8.0,20.0,False,True,195.206,50.979,27.0,213.24,2.354,51.197,9.0,2.619,42.925,-4.044,52.553,14.13,"{'smaLen': 150, 'sl': 4.0, 'ch': 8.0, 'adxThr': 25.0, 'slope': False, 'hold': True}",False
EFX,Equifax,Industrials,250,2.0,6.0,0.0,True,False,622.046,18.002,46.0,373.012,9.71,18.909,14.0,10.174,15.763,3.978,30.397,7.117,"{'smaLen': 250, 'sl': 4.0, 'ch': 6.0, 'adxThr': 0.0, 'slope': True, 'hold': False}",False
EQIX,Equinix,Real Estate,200,3.0,8.0,0.0,True,True,664.784,31.8,24.0,3224.18,0.387,45.569,16.0,0.385,35.336,3.586,33.893,16.84,"{'smaLen': 200, 'sl': 2.0, 'ch': 8.0, 'adxThr': 0.0, 'slope': True, 'hold': True}",True
ERIE,Erie Indemnity,Financials,150,3.0,8.0,15.0,True,True,582.836,22.104,25.0,670.048,15.025,22.104,8.0,11.657,30.288,18.695,32.985,9.386,"{'smaLen': 150, 'sl': 3.0, 'ch': 8.0, 'adxThr': 15.0, 'slope': True, 'hold': True}",True
ESS,Essex Property Trust,Real Estate,250,2.0,8.0,0.0,False,True,264.174,30.531,40.0,476.963,3.972,27.761,9.0,2.031,23.56,2.564,28.263,5.259,"{'smaLen': 200, 'sl': 3.0, 'ch': 8.0, 'adxThr': 0.0, 'slope': True, 'hold': True}",True
EL,Estée Lauder Companies (The),Consumer Staples,150,2.0,8.0,0.0,False,True,383.076,39.754,53.0,635.948,2.052,41.749,15.0,-1.008,34.147,4.428,40.726,-2.992,"{'smaLen': 150, 'sl': 4.0, 'ch': 6.0, 'adxThr': 0.0, 'slope': False, 'hold': True}",True
EG,Everest Group,Financials,250,2.0,4.0,25.0,True,False,33.454,17.868,30.0,462.898,-9.647,61.607,26.0,-8.681,58.093,-13.087,70.298,9.691,"{'smaLen': 150, 'sl': 2.0, 'ch': 8.0, 'adxThr': 0.0, 'slope': True, 'hold': True}",False
EVRG,Evergy,Utilities,150,3.0,8.0,25.0,False,True,233.069,17.687,22.0,748.938,3.843,28.409,12.0,-0.913,29.349,3.335,31.933,8.432,"{'smaLen': 150, 'sl': 4.0, 'ch': 8.0, 'adxThr': 15.0, 'slope': True, 'hold': True}",True
ES,Eversource Energy,Utilities,200,4.0,4.0,0.0,True,True,98.579,34.787,61.0,559.127,-2.197,44.209,18.0,-6.267,49.675,-4.425,50.112,3.724,"{'smaLen': 200, 'sl': 4.0, 'ch': 6.0, 'adxThr': 0.0, 'slope': True, 'hold': True}",False
EXC,Exelon,Utilities,200,3.0,6.0,25.0,False,True,97.433,25.476,24.0,126.293,-2.141,36.59,27.0,1.048,19.465,-0.892,37.683,6.984,"{'smaLen': 150, 'sl': 3.0, 'ch': 6.0, 'adxThr': 0.0, 'slope': False, 'hold': False}",False
EXPE,Expedia Group,Consumer Discretionary,150,2.0,8.0,25.0,False,True,286.003,45.156,30.0,747.182,-4.037,50.793,13.0,-5.981,46.467,-4.928,59.613,12.15,"{'smaLen': 150, 'sl': 3.0, 'ch': 8.0, 'adxThr': 25.0, 'slope': False, 'hold': True}",False
EXPD,Expeditors International,Industrials,150,3.0,6.0,20.0,True,True,16.654,53.319,38.0,607.299,0.019,39.006,22.0,2.423,20.269,-2.33,51.332,15.473,"{'smaLen': 150, 'sl': 3.0, 'ch': 6.0, 'adxThr': 0.0, 'slope': True, 'hold': True}",False
EXR,Extra Space Storage,Real Estate,250,3.0,8.0,0.0,False,True,880.515,34.098,32.0,1908.828,4.698,37.031,11.0,2.678,38.828,3.664,45.456,9.698,"{'smaLen': 250, 'sl': 4.0, 'ch': 8.0, 'adxThr': 0.0, 'slope': True, 'hold': True}",True
XOM,ExxonMobil,Energy,150,2.0,4.0,25.0,False,True,64.825,21.223,33.0,452.991,1.765,48.435,32.0,4.214,41.386,2.632,51.1,16.476,"{'smaLen': 150, 'sl': 2.0, 'ch': 4.0, 'adxThr': 0.0, 'slope': True, 'hold': False}",False
FFIV,"F5, Inc.",Information Technology,200,2.0,8.0,15.0,False,True,825.492,37.171,39.0,1334.083,9.042,34.387,17.0,3.766,40.501,3.249,42.228,13.962,"{'smaLen': 200, 'sl': 2.0, 'ch': 8.0, 'adxThr': 15.0, 'slope': False, 'hold': True}",True
FDS,FactSet,Financials,150,2.0,4.0,0.0,False,False,192.464,41.187,85.0,741.074,3.17,41.187,32.0,2.094,38.011,-2.648,55.988,5.251,"{'smaLen': 150, 'sl': 2.0, 'ch': 4.0, 'adxThr': 0.0, 'slope': False, 'hold': False}",True
FICO,Fair Isaac,Information Technology,150,4.0,4.0,20.0,True,False,545.074,25.031,52.0,1856.499,20.149,39.491,10.0,14.576,50.131,13.978,44.213,21.984,"{'smaLen': 250, 'sl': 4.0, 'ch': 8.0, 'adxThr': 15.0, 'slope': True, 'hold': True}",True
FAST,Fastenal,Industrials,150,3.0,8.0,0.0,True,False,133.371,38.924,51.0,1568.398,1.734,34.124,23.0,1.005,27.978,4.687,27.436,22.393,"{'smaLen': 150, 'sl': 3.0, 'ch': 8.0, 'adxThr': 15.0, 'slope': True, 'hold': False}",True
FRT,Federal Realty Investment Trust,Real Estate,250,4.0,8.0,0.0,True,True,107.134,29.608,23.0,267.564,-0.196,35.449,25.0,1.605,21.271,-0.945,42.284,3.422,"{'smaLen': 250, 'sl': 3.0, 'ch': 6.0, 'adxThr': 0.0, 'slope': False, 'hold': False}",False
FDX,FedEx,Industrials,150,4.0,4.0,0.0,True,True,216.609,32.087,50.0,328.263,5.911,31.448,19.0,8.45,29.06,5.993,49.621,12.554,"{'smaLen': 250, 'sl': 4.0, 'ch': 4.0, 'adxThr': 0.0, 'slope': False, 'hold': True}",False
FERG,Ferguson Enterprises,Industrials,200,3.0,6.0,25.0,False,False,104.854,28.453,56.0,1312.459,-0.314,45.016,38.0,2.36,42.353,0.662,48.699,20.438,"{'smaLen': 200, 'sl': 2.0, 'ch': 6.0, 'adxThr': 15.0, 'slope': False, 'hold': False}",False
FIS,Fidelity National Information Services,Financials,250,4.0,8.0,0.0,False,True,380.789,26.992,29.0,134.009,3.409,26.992,9.0,1.832,22.306,0.701,42.787,-10.851,"{'smaLen': 250, 'sl': 4.0, 'ch': 8.0, 'adxThr': 0.0, 'slope': False, 'hold': True}",True
FITB,Fifth Third Bancorp,Financials,250,2.0,8.0,0.0,False,False,358.308,27.237,56.0,159.602,8.677,27.464,16.0,-0.745,45.627,3.265,40.356,14.619,"{'smaLen': 150, 'sl': 4.0, 'ch': 8.0, 'adxThr': 15.0, 'slope': True, 'hold': False}",True
FSLR,First Solar,Information Technology,200,3.0,4.0,0.0,False,True,332.2,54.561,49.0,618.31,10.186,50.132,19.0,0.833,53.942,16.049,52.886,20.289,"{'smaLen': 200, 'sl': 3.0, 'ch': 4.0, 'adxThr': 15.0, 'slope': False, 'hold': True}",True
FE,FirstEnergy,Utilities,150,2.0,4.0,0.0,True,True,77.608,23.219,61.0,114.058,1.788,28.601,23.0,-3.162,29.632,6.095,35.024,6.411,"{'smaLen': 150, 'sl': 3.0, 'ch': 4.0, 'adxThr': 15.0, 'slope': True, 'hold': True}",True
FISV,Fiserv,Financials,200,3.0,8.0,20.0,False,True,699.875,29.533,19.0,325.544,8.857,31.471,6.0,2.28,23.795,5.303,52.247,-5.535,"{'smaLen': 200, 'sl': 4.0, 'ch': 8.0, 'adxThr': 20.0, 'slope': False, 'hold': True}",True
FLEX,Flex Ltd.,Information Technology,250,4.0,8.0,20.0,False,True,430.828,33.82,25.0,1360.464,10.989,36.25,9.0,14.707,34.901,6.216,46.332,46.595,"{'smaLen': 250, 'sl': 4.0, 'ch': 8.0, 'adxThr': 25.0, 'slope': False, 'hold': True}",False
F,Ford Motor Company,Consumer Discretionary,150,4.0,4.0,0.0,False,True,255.364,49.6,73.0,237.471,1.808,43.147,33.0,2.377,51.625,-0.837,60.304,11.855,"{'smaLen': 150, 'sl': 4.0, 'ch': 4.0, 'adxThr': 0.0, 'slope': False, 'hold': True}",False
FTNT,Fortinet,Information Technology,200,3.0,8.0,20.0,False,True,1053.825,42.193,21.0,10336.824,3.738,66.566,34.0,13.435,27.53,16.129,62.445,38.526,"{'smaLen': 150, 'sl': 4.0, 'ch': 4.0, 'adxThr': 0.0, 'slope': False, 'hold': True}",False
BEN,Franklin Resources,Financials,150,2.0,8.0,25.0,True,True,92.772,26.037,21.0,103.721,1.394,30.968,8.0,5.791,25.871,-3.593,50.683,6.057,"{'smaLen': 200, 'sl': 2.0, 'ch': 8.0, 'adxThr': 25.0, 'slope': True, 'hold': True}",False
FCX,Freeport-McMoRan,Materials,150,2.0,8.0,25.0,False,False,216.28,43.642,27.0,302.973,3.948,55.113,26.0,9.598,38.97,-1.401,72.591,30.139,"{'smaLen': 150, 'sl': 2.0, 'ch': 8.0, 'adxThr': 15.0, 'slope': False, 'hold': False}",False
GRMN,Garmin,Consumer Discretionary,250,4.0,8.0,0.0,False,True,2460.059,36.051,32.0,1546.292,24.306,30.956,10.0,7.783,23.093,22.411,20.653,24.908,"{'smaLen': 250, 'sl': 4.0, 'ch': 8.0, 'adxThr': 0.0, 'slope': False, 'hold': True}",True
IT,Gartner,Information Technology,150,3.0,8.0,0.0,False,True,498.643,27.904,43.0,1344.274,5.586,28.549,13.0,0.686,32.692,6.091,27.904,5.317,"{'smaLen': 150, 'sl': 3.0, 'ch': 8.0, 'adxThr': 15.0, 'slope': False, 'hold': True}",True
GE,GE Aerospace,Industrials,250,2.0,6.0,0.0,False,False,340.617,27.326,60.0,214.189,16.22,26.333,17.0,16.476,26.441,22.206,37.756,32.409,"{'smaLen': 150, 'sl': 2.0, 'ch': 6.0, 'adxThr': 0.0, 'slope': True, 'hold': True}",False
GEN,Gen Digital,Information Technology,150,4.0,4.0,20.0,False,True,18.071,45.382,51.0,249.244,-5.065,56.019,19.0,-8.935,65.444,-4.822,50.518,11.463,"{'smaLen': 250, 'sl': 4.0, 'ch': 4.0, 'adxThr': 20.0, 'slope': True, 'hold': False}",False
GNRC,Generac,Industrials,150,2.0,8.0,0.0,False,True,1214.351,41.312,37.0,2360.101,19.448,38.284,21.0,12.328,48.44,32.469,39.474,19.937,"{'smaLen': 250, 'sl': 2.0, 'ch': 8.0, 'adxThr': 0.0, 'slope': True, 'hold': False}",True
GD,General Dynamics,Industrials,150,3.0,8.0,0.0,True,True,327.535,28.578,30.0,824.828,3.295,34.436,13.0,2.396,21.297,3.474,39.648,12.893,"{'smaLen': 250, 'sl': 3.0, 'ch': 8.0, 'adxThr': 0.0, 'slope': False, 'hold': True}",True
GIS,General Mills,Consumer Staples,150,4.0,6.0,20.0,False,True,91.2,18.455,30.0,172.226,1.395,18.455,12.0,0.262,22.729,-4.094,42.469,2.109,"{'smaLen': 150, 'sl': 4.0, 'ch': 6.0, 'adxThr': 20.0, 'slope': False, 'hold': True}",True
GM,General Motors,Consumer Discretionary,250,4.0,8.0,15.0,True,True,52.925,42.161,22.0,226.236,1.092,42.161,13.0,1.94,38.43,0.532,45.452,13.714,"{'smaLen': 250, 'sl': 4.0, 'ch': 8.0, 'adxThr': 15.0, 'slope': True, 'hold': True}",False
GPC,Genuine Parts Company,Consumer Discretionary,250,2.0,8.0,0.0,True,True,59.696,31.975,38.0,460.414,-0.683,38.274,17.0,-7.583,53.24,-1.903,55.852,7.259,"{'smaLen': 200, 'sl': 2.0, 'ch': 8.0, 'adxThr': 0.0, 'slope': True, 'hold': True}",False
GILD,Gilead Sciences,Health Care,150,4.0,8.0,25.0,True,False,218.098,23.935,25.0,1517.195,-1.411,28.874,16.0,-2.317,41.307,-2.188,55.952,16.086,"{'smaLen': 150, 'sl': 4.0, 'ch': 8.0, 'adxThr': 20.0, 'slope': True, 'hold': False}",False
GPN,Global Payments,Financials,250,4.0,8.0,25.0,False,True,91.773,32.737,23.0,294.013,3.075,44.894,14.0,2.617,42.534,-8.258,74.043,-1.362,"{'smaLen': 200, 'sl': 2.0, 'ch': 8.0, 'adxThr': 0.0, 'slope': False, 'hold': True}",True
GL,Globe Life,Financials,150,4.0,6.0,15.0,True,True,150.998,23.035,37.0,717.186,-3.6,39.652,14.0,-0.148,24.065,0.15,31.446,11.585,"{'smaLen': 150, 'sl': 4.0, 'ch': 8.0, 'adxThr': 20.0, 'slope': False, 'hold': True}",False
GS,Goldman Sachs,Financials,150,3.0,8.0,0.0,False,True,641.956,41.106,42.0,911.337,12.747,33.569,20.0,4.927,32.762,17.159,26.159,27.354,"{'smaLen': 200, 'sl': 2.0, 'ch': 8.0, 'adxThr': 0.0, 'slope': False, 'hold': True}",True
HAL,Halliburton,Energy,150,2.0,8.0,0.0,False,False,465.077,30.624,55.0,38.889,7.918,34.116,21.0,0.234,45.512,5.283,35.154,4.469,"{'smaLen': 250, 'sl': 2.0, 'ch': 8.0, 'adxThr': 0.0, 'slope': False, 'hold': False}",True
HIG,Hartford (The),Financials,200,4.0,8.0,20.0,False,True,440.333,35.521,24.0,122.18,9.35,18.939,10.0,8.724,21.819,8.408,35.469,17.07,"{'smaLen': 200, 'sl': 4.0, 'ch': 8.0, 'adxThr': 20.0, 'slope': False, 'hold': True}",True
HAS,Hasbro,Consumer Discretionary,250,4.0,6.0,25.0,True,True,247.179,20.853,20.0,730.419,-2.955,34.102,11.0,1.624,31.723,2.321,37.338,5.01,"{'smaLen': 150, 'sl': 2.0, 'ch': 8.0, 'adxThr': 25.0, 'slope': True, 'hold': True}",False
HCA,HCA Healthcare,Health Care,250,4.0,6.0,0.0,False,True,337.536,27.154,33.0,1795.096,4.21,32.042,14.0,-0.328,33.577,6.266,34.831,18.928,"{'smaLen': 250, 'sl': 3.0, 'ch': 8.0, 'adxThr': 0.0, 'slope': True, 'hold': True}",True
DOC,Healthpeak Properties,Real Estate,150,4.0,6.0,0.0,True,True,70.4,31.303,36.0,168.591,-3.577,43.368,19.0,-4.567,42.259,-1.258,37.828,1.622,"{'smaLen': 150, 'sl': 4.0, 'ch': 4.0, 'adxThr': 15.0, 'slope': True, 'hold': True}",False
HSIC,Henry Schein,Health Care,150,2.0,8.0,0.0,False,True,24.589,54.762,53.0,404.22,-10.682,64.898,21.0,-9.007,57.521,-8.618,60.283,4.84,"{'smaLen': 150, 'sl': 4.0, 'ch': 8.0, 'adxThr': 15.0, 'slope': False, 'hold': True}",False
HSY,Hershey Company (The),Consumer Staples,250,4.0,4.0,15.0,True,True,139.069,24.06,49.0,405.891,4.053,23.434,15.0,1.847,32.211,-0.225,38.526,8.634,"{'smaLen': 250, 'sl': 4.0, 'ch': 8.0, 'adxThr': 15.0, 'slope': True, 'hold': False}",True
HLT,Hilton Worldwide,Consumer Discretionary,200,3.0,6.0,25.0,True,True,114.998,15.887,10.0,653.57,-3.263,52.296,27.0,0.089,36.208,3.674,51.809,21.54,"{'smaLen': 250, 'sl': 3.0, 'ch': 4.0, 'adxThr': 15.0, 'slope': True, 'hold': True}",False
HD,Home Depot (The),Consumer Discretionary,250,2.0,8.0,0.0,True,True,429.359,21.473,37.0,1098.048,3.871,24.018,23.0,1.765,27.326,3.255,24.219,9.816,"{'smaLen': 250, 'sl': 2.0, 'ch': 6.0, 'adxThr': 0.0, 'slope': True, 'hold': False}",True
HON,Honeywell Technologies,Industrials,250,2.0,8.0,15.0,False,True,155.387,33.317,42.0,857.186,-0.339,34.529,13.0,-0.108,26.733,-0.772,37.666,8.734,"{'smaLen': 150, 'sl': 3.0, 'ch': 8.0, 'adxThr': 25.0, 'slope': False, 'hold': True}",False
HRL,Hormel Foods,Consumer Staples,250,4.0,8.0,0.0,True,True,89.137,40.039,31.0,280.912,-5.214,38.82,9.0,-6.731,47.252,-11.066,61.662,-6.43,"{'smaLen': 200, 'sl': 4.0, 'ch': 8.0, 'adxThr': 25.0, 'slope': False, 'hold': True}",False
HST,Host Hotels & Resorts,Real Estate,200,4.0,8.0,25.0,True,True,40.184,51.632,17.0,143.837,-4.509,43.396,7.0,-2.173,37.284,-9.517,67.538,8.301,"{'smaLen': 200, 'sl': 4.0, 'ch': 8.0, 'adxThr': 25.0, 'slope': True, 'hold': True}",False
HPQ,HP Inc.,Information Technology,150,4.0,6.0,0.0,True,False,343.722,26.552,35.0,302.684,7.124,28.641,14.0,3.76,37.087,2.753,37.814,9.396,"{'smaLen': 150, 'sl': 3.0, 'ch': 6.0, 'adxThr': 0.0, 'slope': True, 'hold': False}",True
HUBB,Hubbell Incorporated,Industrials,250,3.0,6.0,0.0,True,False,247.747,22.802,55.0,1551.565,3.787,27.595,21.0,-0.437,28.523,6.339,25.937,24.499,"{'smaLen': 250, 'sl': 4.0, 'ch': 6.0, 'adxThr': 0.0, 'slope': True, 'hold': True}",True
HUM,Humana,Health Care,250,4.0,8.0,20.0,False,True,159.255,51.964,31.0,719.016,-3.132,53.281,15.0,-3.625,62.058,-2.402,66.371,5.492,"{'smaLen': 250, 'sl': 4.0, 'ch': 8.0, 'adxThr': 0.0, 'slope': True, 'hold': True}",False
HBAN,Huntington Bancshares,Financials,150,4.0,8.0,25.0,True,False,18.19,41.972,22.0,35.814,-4.375,39.46,18.0,-5.632,44.387,-3.095,44.197,8.128,"{'smaLen': 250, 'sl': 4.0, 'ch': 4.0, 'adxThr': 15.0, 'slope': True, 'hold': True}",False
HII,Huntington Ingalls Industries,Industrials,250,4.0,8.0,25.0,False,False,540.767,24.143,20.0,791.842,2.298,25.329,10.0,10.038,19.253,4.37,37.462,6.4,"{'smaLen': 200, 'sl': 4.0, 'ch': 6.0, 'adxThr': 25.0, 'slope': True, 'hold': False}",False
IBM,IBM,Information Technology,250,4.0,4.0,25.0,False,False,76.118,31.949,43.0,443.509,-7.065,55.042,34.0,-2.261,41.214,-6.148,52.17,14.412,"{'smaLen': 150, 'sl': 3.0, 'ch': 6.0, 'adxThr': 0.0, 'slope': False, 'hold': True}",False
IEX,IDEX Corporation,Industrials,250,4.0,8.0,0.0,False,True,197.904,33.504,43.0,1025.76,2.839,32.832,16.0,-7.174,47.713,3.714,34.767,9.556,"{'smaLen': 250, 'sl': 4.0, 'ch': 8.0, 'adxThr': 0.0, 'slope': False, 'hold': True}",True
IDXX,Idexx Laboratories,Health Care,200,3.0,8.0,20.0,False,True,2026.412,18.43,25.0,2770.029,15.642,30.194,12.0,13.589,14.634,15.642,30.194,14.474,"{'smaLen': 150, 'sl': 3.0, 'ch': 8.0, 'adxThr': 0.0, 'slope': False, 'hold': True}",True
ITW,Illinois Tool Works,Industrials,200,4.0,8.0,0.0,False,True,362.096,22.728,32.0,900.427,5.543,21.249,14.0,-1.827,19.392,3.536,25.71,13.113,"{'smaLen': 200, 'sl': 4.0, 'ch': 8.0, 'adxThr': 0.0, 'slope': False, 'hold': True}",True
ILMN,"Illumina, Inc.",Health Care,200,4.0,8.0,0.0,True,True,3550.322,40.231,27.0,3648.278,8.48,36.893,11.0,4.025,43.03,-0.167,66.141,-0.764,"{'smaLen': 200, 'sl': 4.0, 'ch': 8.0, 'adxThr': 0.0, 'slope': True, 'hold': True}",True
INCY,Incyte,Health Care,200,4.0,4.0,25.0,False,False,658.431,33.01,33.0,2220.037,-1.054,40.926,10.0,-2.512,51.078,-4.763,62.704,9.009,"{'smaLen': 200, 'sl': 4.0, 'ch': 6.0, 'adxThr': 25.0, 'slope': False, 'hold': False}",False
PODD,Insulet Corporation,Health Care,250,4.0,8.0,0.0,False,True,445.833,53.862,30.0,752.945,2.055,53.862,12.0,0.047,42.621,-0.117,54.514,8.305,"{'smaLen': 250, 'sl': 4.0, 'ch': 8.0, 'adxThr': 0.0, 'slope': False, 'hold': True}",True
INTC,Intel,Information Technology,150,4.0,8.0,25.0,True,True,198.173,39.379,20.0,721.255,11.961,46.632,17.0,-0.406,61.938,9.515,61.927,15.433,"{'smaLen': 250, 'sl': 2.0, 'ch': 8.0, 'adxThr': 0.0, 'slope': False, 'hold': True}",True
IBKR,Interactive Brokers,Financials,150,3.0,6.0,15.0,True,True,353.899,39.739,33.0,1392.908,-1.058,34.761,17.0,4.304,35.658,16.416,28.91,28.68,"{'smaLen': 250, 'sl': 3.0, 'ch': 4.0, 'adxThr': 25.0, 'slope': True, 'hold': True}",False
ICE,Intercontinental Exchange,Financials,150,2.0,4.0,0.0,False,False,277.853,30.259,79.0,2304.977,0.658,29.853,32.0,-0.283,28.309,0.901,29.508,11.138,"{'smaLen': 150, 'sl': 4.0, 'ch': 4.0, 'adxThr': 0.0, 'slope': False, 'hold': False}",True
IFF,International Flavors & Fragrances,Materials,200,4.0,6.0,20.0,True,False,95.68,24.621,31.0,305.483,-4.069,37.041,8.0,-2.945,32.604,-3.025,44.182,-3.203,"{'smaLen': 200, 'sl': 4.0, 'ch': 8.0, 'adxThr': 25.0, 'slope': False, 'hold': True}",False
IP,International Paper,Materials,150,3.0,8.0,15.0,True,True,32.754,43.635,33.0,145.195,-5.493,49.566,20.0,-2.278,41.693,-2.556,43.072,3.25,"{'smaLen': 150, 'sl': 3.0, 'ch': 8.0, 'adxThr': 15.0, 'slope': False, 'hold': False}",False
INTU,Intuit,Information Technology,250,4.0,6.0,0.0,True,True,273.821,41.579,43.0,1066.417,0.061,31.379,8.0,-0.635,25.81,5.1,42.452,5.381,"{'smaLen': 250, 'sl': 4.0, 'ch': 8.0, 'adxThr': 25.0, 'slope': True, 'hold': True}",True
ISRG,Intuitive Surgical,Health Care,200,3.0,6.0,25.0,True,True,852.271,32.128,20.0,3049.067,8.229,12.868,7.0,7.112,25.983,8.301,24.026,13.191,"{'smaLen': 200, 'sl': 3.0, 'ch': 6.0, 'adxThr': 25.0, 'slope': True, 'hold': False}",True
IVZ,Invesco,Financials,150,3.0,8.0,0.0,False,False,187.641,51.892,58.0,298.969,8.118,47.247,16.0,11.4,29.733,7.791,58.478,13.315,"{'smaLen': 150, 'sl': 2.0, 'ch': 8.0, 'adxThr': 0.0, 'slope': True, 'hold': False}",False
IQV,IQVIA,Health Care,150,4.0,6.0,0.0,True,False,101.619,26.234,31.0,542.056,-1.293,34.09,17.0,-4.138,52.367,4.066,48.699,11.769,"{'smaLen': 150, 'sl': 2.0, 'ch': 6.0, 'adxThr': 20.0, 'slope': True, 'hold': False}",False
IRM,Iron Mountain,Real Estate,200,2.0,8.0,15.0,True,False,298.823,25.848,46.0,1006.911,2.803,27.995,14.0,3.991,33.765,8.662,37.661,23.589,"{'smaLen': 150, 'sl': 4.0, 'ch': 8.0, 'adxThr': 25.0, 'slope': True, 'hold': False}",False
JBHT,J.B. Hunt,Industrials,200,4.0,8.0,0.0,False,True,226.523,41.479,36.0,1137.686,6.384,41.479,12.0,2.104,37.312,2.28,47.948,13.12,"{'smaLen': 200, 'sl': 4.0, 'ch': 8.0, 'adxThr': 0.0, 'slope': False, 'hold': True}",True
JBL,Jabil,Information Technology,150,4.0,8.0,20.0,False,True,356.714,45.229,32.0,1000.214,0.735,44.944,17.0,6.676,35.651,14.575,35.66,39.733,"{'smaLen': 250, 'sl': 3.0, 'ch': 6.0, 'adxThr': 25.0, 'slope': False, 'hold': True}",False
JKHY,Jack Henry & Associates,Financials,150,4.0,4.0,0.0,True,False,98.982,26.013,70.0,900.563,-5.023,41.282,24.0,-8.08,51.957,-7.684,52.796,3.542,"{'smaLen': 150, 'sl': 3.0, 'ch': 6.0, 'adxThr': 0.0, 'slope': True, 'hold': False}",False
J,Jacobs Solutions,Industrials,250,2.0,8.0,0.0,False,False,221.602,29.118,62.0,428.033,2.518,23.545,25.0,1.049,35.638,2.056,44.774,15.525,"{'smaLen': 250, 'sl': 2.0, 'ch': 8.0, 'adxThr': 0.0, 'slope': True, 'hold': False}",True
JNJ,Johnson & Johnson,Health Care,250,3.0,4.0,15.0,False,False,135.258,22.464,68.0,698.686,-0.413,32.878,39.0,2.596,28.231,-0.429,43.358,13.29,"{'smaLen': 150, 'sl': 2.0, 'ch': 4.0, 'adxThr': 0.0, 'slope': False, 'hold': True}",False
JCI,Johnson Controls,Industrials,150,3.0,8.0,25.0,False,True,369.863,64.631,20.0,394.528,16.963,30.422,9.0,9.88,19.32,22.241,24.141,25.421,"{'smaLen': 150, 'sl': 3.0, 'ch': 8.0, 'adxThr': 25.0, 'slope': False, 'hold': True}",True
JPM,JPMorgan Chase,Financials,150,4.0,6.0,0.0,True,True,188.826,31.489,46.0,1358.112,9.68,21.956,20.0,7.56,23.038,14.863,22.764,20.611,"{'smaLen': 150, 'sl': 4.0, 'ch': 8.0, 'adxThr': 0.0, 'slope': True, 'hold': False}",True
KDP,Keurig Dr Pepper,Consumer Staples,150,4.0,8.0,0.0,False,True,340.84,29.19,37.0,1093.584,-3.867,37.95,17.0,-3.392,30.758,-1.626,27.868,5.631,"{'smaLen': 200, 'sl': 4.0, 'ch': 8.0, 'adxThr': 15.0, 'slope': False, 'hold': True}",False
KEY,KeyCorp,Financials,250,4.0,8.0,15.0,False,False,163.178,32.906,42.0,22.274,-5.097,44.566,24.0,2.57,34.492,0.745,37.235,9.193,"{'smaLen': 200, 'sl': 2.0, 'ch': 4.0, 'adxThr': 15.0, 'slope': True, 'hold': False}",False
KEYS,Keysight Technologies,Information Technology,250,4.0,8.0,0.0,True,True,359.655,41.45,16.0,1181.947,6.896,57.551,24.0,4.517,52.543,7.363,54.625,25.775,"{'smaLen': 200, 'sl': 2.0, 'ch': 8.0, 'adxThr': 0.0, 'slope': False, 'hold': True}",True
KMB,Kimberly-Clark,Consumer Staples,150,3.0,8.0,0.0,False,True,141.769,24.381,36.0,261.574,0.838,24.381,15.0,-2.606,36.225,0.838,24.381,2.016,"{'smaLen': 150, 'sl': 3.0, 'ch': 8.0, 'adxThr': 0.0, 'slope': False, 'hold': True}",True
KIM,Kimco Realty,Real Estate,150,3.0,8.0,0.0,True,True,223.579,37.303,28.0,82.263,4.95,42.682,11.0,8.16,22.489,5.584,34.807,10.68,"{'smaLen': 250, 'sl': 3.0, 'ch': 8.0, 'adxThr': 0.0, 'slope': True, 'hold': True}",False
KMI,Kinder Morgan,Energy,200,2.0,8.0,25.0,True,False,84.309,17.414,13.0,107.436,4.902,31.715,23.0,5.446,22.984,4.902,31.715,15.323,"{'smaLen': 150, 'sl': 3.0, 'ch': 8.0, 'adxThr': 0.0, 'slope': False, 'hold': True}",False
KKR,KKR & Co.,Financials,200,4.0,8.0,0.0,True,True,852.122,35.444,16.0,1560.675,14.075,41.658,15.0,7.478,31.69,15.836,42.155,24.264,"{'smaLen': 250, 'sl': 4.0, 'ch': 8.0, 'adxThr': 0.0, 'slope': False, 'hold': True}",True
KLAC,KLA Corporation,Information Technology,150,3.0,8.0,0.0,False,True,888.317,45.356,40.0,6917.46,23.795,41.036,17.0,7.436,32.411,24.318,45.356,49.833,"{'smaLen': 150, 'sl': 2.0, 'ch': 8.0, 'adxThr': 0.0, 'slope': False, 'hold': True}",True
KR,Kroger,Consumer Staples,250,4.0,6.0,25.0,True,True,94.486,35.414,23.0,795.703,-2.948,36.843,10.0,-5.3,48.95,3.854,34.61,12.835,"{'smaLen': 200, 'sl': 2.0, 'ch': 8.0, 'adxThr': 25.0, 'slope': True, 'hold': True}",False
LHX,L3Harris,Industrials,200,2.0,8.0,25.0,False,True,451.458,23.157,21.0,771.009,8.203,18.32,6.0,2.86,32.3,4.943,43.866,9.848,"{'smaLen': 250, 'sl': 2.0, 'ch': 8.0, 'adxThr': 25.0, 'slope': False, 'hold': True}",True
LH,Labcorp,Health Care,150,4.0,6.0,15.0,True,True,34.152,35.55,44.0,608.068,-5.335,45.18,30.0,-6.601,49.096,-3.727,40.348,15.288,"{'smaLen': 150, 'sl': 3.0, 'ch': 4.0, 'adxThr': 0.0, 'slope': True, 'hold': True}",False
LRCX,Lam Research,Information Technology,200,4.0,6.0,0.0,False,True,4166.272,32.266,37.0,10037.142,36.587,41.777,12.0,21.188,39.645,34.318,44.163,51.644,"{'smaLen': 200, 'sl': 4.0, 'ch': 8.0, 'adxThr': 0.0, 'slope': False, 'hold': True}",True
LVS,Las Vegas Sands,Consumer Discretionary,250,3.0,8.0,20.0,False,True,379.0,42.842,26.0,61.069,-7.055,51.914,17.0,-1.898,32.205,-3.542,48.699,-2.484,"{'smaLen': 200, 'sl': 4.0, 'ch': 8.0, 'adxThr': 15.0, 'slope': False, 'hold': True}",False
LDOS,Leidos,Industrials,150,2.0,4.0,20.0,False,False,238.108,26.044,51.0,457.429,10.17,26.632,11.0,14.81,21.074,11.156,29.708,13.367,"{'smaLen': 250, 'sl': 2.0, 'ch': 8.0, 'adxThr': 25.0, 'slope': False, 'hold': True}",False
LEN,Lennar,Consumer Discretionary,250,4.0,8.0,0.0,True,True,499.146,37.653,21.0,72.826,12.744,21.362,6.0,2.346,38.867,9.631,35.059,11.667,"{'smaLen': 250, 'sl': 4.0, 'ch': 8.0, 'adxThr': 0.0, 'slope': True, 'hold': True}",True
LII,Lennox International,Industrials,250,3.0,8.0,15.0,True,True,526.366,40.699,26.0,1584.931,8.098,30.138,11.0,-2.07,34.83,3.031,43.108,8.587,"{'smaLen': 250, 'sl': 3.0, 'ch': 6.0, 'adxThr': 15.0, 'slope': True, 'hold': True}",True
LLY,Lilly (Eli),Health Care,150,2.0,8.0,15.0,True,True,552.413,25.413,39.0,3604.402,14.093,20.83,33.0,4.831,37.163,17.831,43.011,36.928,"{'smaLen': 250, 'sl': 2.0, 'ch': 4.0, 'adxThr': 0.0, 'slope': False, 'hold': True}",True
LIN,Linde plc,Materials,250,4.0,8.0,0.0,False,True,87.961,32.95,40.0,1189.05,3.857,33.889,14.0,-3.22,36.69,7.059,28.228,16.922,"{'smaLen': 250, 'sl': 4.0, 'ch': 8.0, 'adxThr': 15.0, 'slope': False, 'hold': True}",True
LYV,Live Nation Entertainment,Communication Services,150,3.0,8.0,25.0,True,True,344.143,36.236,23.0,1165.704,-2.363,36.818,12.0,-6.773,49.025,-5.975,69.666,17.736,"{'smaLen': 150, 'sl': 2.0, 'ch': 8.0, 'adxThr': 25.0, 'slope': True, 'hold': True}",False
LMT,Lockheed Martin,Industrials,150,3.0,8.0,15.0,False,False,519.5,20.058,52.0,1381.455,5.777,26.558,19.0,4.545,16.629,4.998,23.648,12.052,"{'smaLen': 250, 'sl': 3.0, 'ch': 8.0, 'adxThr': 0.0, 'slope': True, 'hold': False}",True
L,Loews Corporation,Financials,250,4.0,8.0,0.0,False,True,101.955,33.265,32.0,264.39,-0.292,31.465,22.0,0.361,21.305,2.105,25.343,11.983,"{'smaLen': 150, 'sl': 3.0, 'ch': 6.0, 'adxThr': 0.0, 'slope': True, 'hold': True}",False
LOW,Lowe's,Consumer Discretionary,250,4.0,4.0,15.0,True,True,564.812,24.489,49.0,705.132,3.267,19.409,13.0,2.556,24.625,0.372,35.94,11.802,"{'smaLen': 250, 'sl': 4.0, 'ch': 4.0, 'adxThr': 25.0, 'slope': True, 'hold': True}",True
LULU,Lululemon Athletica,Consumer Discretionary,150,2.0,6.0,20.0,False,True,1930.399,35.918,29.0,623.571,1.126,35.412,16.0,-2.075,45.084,2.62,60.25,-2.513,"{'smaLen': 150, 'sl': 2.0, 'ch': 6.0, 'adxThr': 20.0, 'slope': True, 'hold': False}",True
LYB,LyondellBasell,Materials,250,4.0,8.0,25.0,False,True,225.473,23.628,11.0,568.988,-8.928,55.141,21.0,-1.656,40.535,-2.78,52.006,1.475,"{'smaLen': 250, 'sl': 3.0, 'ch': 4.0, 'adxThr': 0.0, 'slope': True, 'hold': True}",False
MTB,M&T Bank,Financials,250,4.0,8.0,15.0,False,False,86.994,37.976,48.0,268.448,-5.799,50.424,16.0,0.16,28.041,3.094,36.093,8.972,"{'smaLen': 250, 'sl': 3.0, 'ch': 8.0, 'adxThr': 15.0, 'slope': True, 'hold': True}",False
MPC,Marathon Petroleum,Energy,150,3.0,6.0,15.0,False,True,1878.326,30.004,26.0,3139.027,27.377,30.004,14.0,12.496,33.793,27.815,31.153,31.579,"{'smaLen': 150, 'sl': 3.0, 'ch': 6.0, 'adxThr': 0.0, 'slope': False, 'hold': True}",True
MAR,Marriott International,Consumer Discretionary,200,4.0,8.0,20.0,False,True,309.869,41.143,30.0,1273.486,-5.441,58.072,18.0,-3.675,52.047,-3.489,60.035,17.489,"{'smaLen': 200, 'sl': 4.0, 'ch': 8.0, 'adxThr': 15.0, 'slope': True, 'hold': True}",False
MRSH,Marsh McLennan,Financials,250,4.0,6.0,0.0,True,False,169.789,16.137,59.0,752.75,3.189,20.423,32.0,5.068,18.17,8.438,16.442,12.309,"{'smaLen': 200, 'sl': 4.0, 'ch': 4.0, 'adxThr': 0.0, 'slope': False, 'hold': True}",False
MLM,Martin Marietta Materials,Materials,250,2.0,6.0,0.0,True,True,202.646,44.058,40.0,677.7,0.336,26.635,15.0,6.255,29.064,11.188,27.394,15.217,"{'smaLen': 250, 'sl': 2.0, 'ch': 6.0, 'adxThr': 15.0, 'slope': True, 'hold': True}",False
MRVL,Marvell Technology,Information Technology,150,2.0,8.0,20.0,False,False,494.157,38.063,41.0,958.064,12.921,49.798,11.0,19.237,40.509,17.685,52.889,43.657,"{'smaLen': 150, 'sl': 2.0, 'ch': 8.0, 'adxThr': 25.0, 'slope': False, 'hold': True}",False
MAS,Masco,Industrials,250,4.0,8.0,0.0,False,True,77.931,49.856,37.0,290.439,-3.109,43.049,18.0,4.109,32.233,-2.737,49.669,13.417,"{'smaLen': 250, 'sl': 4.0, 'ch': 8.0, 'adxThr': 15.0, 'slope': False, 'hold': True}",False
MA,Mastercard,Financials,200,4.0,8.0,20.0,False,True,1218.292,30.226,20.0,13546.247,3.375,49.937,18.0,4.679,18.411,4.365,47.161,15.875,"{'smaLen': 150, 'sl': 4.0, 'ch': 8.0, 'adxThr': 0.0, 'slope': False, 'hold': True}",False
MKC,McCormick & Company,Consumer Staples,150,4.0,8.0,20.0,True,True,124.689,24.006,22.0,374.308,0.341,34.312,13.0,0.776,29.716,-0.472,41.088,-2.511,"{'smaLen': 150, 'sl': 2.0, 'ch': 8.0, 'adxThr': 20.0, 'slope': False, 'hold': True}",False
MCD,McDonald's,Consumer Discretionary,150,3.0,8.0,0.0,False,False,224.169,18.666,65.0,1146.882,-1.121,22.648,32.0,0.899,23.185,0.026,21.908,6.362,"{'smaLen': 150, 'sl': 2.0, 'ch': 8.0, 'adxThr': 0.0, 'slope': False, 'hold': False}",False
MCK,McKesson Corporation,Health Care,200,4.0,8.0,15.0,True,True,759.517,27.272,22.0,1808.417,5.625,59.783,19.0,-3.047,44.704,11.164,50.759,31.044,"{'smaLen': 200, 'sl': 4.0, 'ch': 6.0, 'adxThr': 0.0, 'slope': False, 'hold': True}",True
MDT,Medtronic,Health Care,150,3.0,8.0,0.0,False,True,114.305,28.867,40.0,145.457,0.568,26.051,22.0,-0.778,28.321,3.535,28.867,2.98,"{'smaLen': 150, 'sl': 3.0, 'ch': 8.0, 'adxThr': 0.0, 'slope': False, 'hold': False}",True
MRK,Merck & Co.,Health Care,200,4.0,8.0,20.0,True,True,491.303,24.814,20.0,883.779,5.232,33.173,11.0,0.293,36.68,3.664,39.842,13.23,"{'smaLen': 200, 'sl': 4.0, 'ch': 8.0, 'adxThr': 20.0, 'slope': False, 'hold': True}",True
META,Meta Platforms,Communication Services,200,4.0,6.0,15.0,True,True,1032.527,28.874,22.0,1884.983,12.304,40.917,18.0,10.002,37.39,17.357,37.615,24.92,"{'smaLen': 250, 'sl': 3.0, 'ch': 6.0, 'adxThr': 0.0, 'slope': False, 'hold': True}",True
MET,MetLife,Financials,250,4.0,4.0,25.0,False,False,19.307,21.851,28.0,281.488,-0.25,22.639,16.0,-4.031,47.818,-4.028,48.63,15.452,"{'smaLen': 250, 'sl': 2.0, 'ch': 4.0, 'adxThr': 25.0, 'slope': False, 'hold': False}",False
MTD,Mettler Toledo,Health Care,150,3.0,6.0,15.0,True,True,808.274,33.733,33.0,2617.799,4.936,44.841,17.0,3.095,40.887,5.507,42.938,14.066,"{'smaLen': 150, 'sl': 3.0, 'ch': 8.0, 'adxThr': 0.0, 'slope': True, 'hold': False}",True
MGM,MGM Resorts,Consumer Discretionary,250,4.0,4.0,0.0,True,False,54.368,51.064,48.0,-6.596,-9.304,63.487,25.0,-8.438,53.653,-6.846,65.431,3.739,"{'smaLen': 250, 'sl': 2.0, 'ch': 4.0, 'adxThr': 0.0, 'slope': True, 'hold': True}",False
MCHP,Microchip Technology,Information Technology,200,4.0,8.0,0.0,False,True,-0.596,56.231,46.0,792.504,-7.481,45.329,14.0,-4.536,48.245,-6.731,57.274,12.902,"{'smaLen': 200, 'sl': 2.0, 'ch': 8.0, 'adxThr': 25.0, 'slope': False, 'hold': True}",False
MU,Micron Technology,Information Technology,200,2.0,8.0,25.0,True,True,11011.522,39.106,18.0,8115.209,41.82,49.354,18.0,28.73,36.149,41.164,47.572,57.672,"{'smaLen': 150, 'sl': 2.0, 'ch': 8.0, 'adxThr': 0.0, 'slope': False, 'hold': True}",True
MSFT,Microsoft,Information Technology,200,2.0,6.0,0.0,False,True,645.01,25.734,54.0,2675.545,10.567,21.452,28.0,7.934,20.855,17.088,31.895,24.62,"{'smaLen': 200, 'sl': 2.0, 'ch': 8.0, 'adxThr': 0.0, 'slope': False, 'hold': False}",True
MAA,Mid-America Apartment Communities,Real Estate,150,3.0,6.0,0.0,True,True,298.687,27.022,36.0,452.447,-0.041,49.907,22.0,6.054,26.193,-0.19,50.938,6.962,"{'smaLen': 150, 'sl': 3.0, 'ch': 6.0, 'adxThr': 0.0, 'slope': False, 'hold': True}",False
MDLZ,Mondelez International,Consumer Staples,250,2.0,4.0,25.0,True,False,6.645,23.815,37.0,453.958,-1.116,30.719,16.0,0.368,22.452,-3.202,45.264,8.037,"{'smaLen': 200, 'sl': 3.0, 'ch': 8.0, 'adxThr': 20.0, 'slope': False, 'hold': True}",False
MPWR,Monolithic Power Systems,Information Technology,150,2.0,6.0,0.0,False,False,782.289,40.515,67.0,10529.095,15.179,48.467,14.0,8.337,47.987,13.851,51.179,38.698,"{'smaLen': 150, 'sl': 2.0, 'ch': 8.0, 'adxThr': 0.0, 'slope': False, 'hold': True}",True
MNST,Monster Beverage,Consumer Staples,200,3.0,4.0,15.0,False,True,664.031,30.908,66.0,4891.028,8.732,29.157,24.0,3.101,31.848,9.407,31.406,17.734,"{'smaLen': 200, 'sl': 3.0, 'ch': 4.0, 'adxThr': 15.0, 'slope': False, 'hold': True}",True
MCO,Moody's Corporation,Financials,250,3.0,6.0,0.0,True,True,495.323,28.071,42.0,841.539,4.961,28.071,18.0,2.646,24.114,10.252,28.81,17.824,"{'smaLen': 250, 'sl': 3.0, 'ch': 6.0, 'adxThr': 0.0, 'slope': True, 'hold': True}",True
MS,Morgan Stanley,Financials,150,3.0,8.0,25.0,True,True,202.876,34.862,19.0,533.027,5.344,32.523,9.0,6.606,30.431,11.043,31.658,26.439,"{'smaLen': 200, 'sl': 4.0, 'ch': 8.0, 'adxThr': 25.0, 'slope': True, 'hold': True}",False
MOS,Mosaic Company (The),Materials,200,2.0,8.0,0.0,True,True,362.767,56.246,32.0,114.818,0.432,52.346,12.0,2.084,47.292,-3.579,75.591,-1.098,"{'smaLen': 250, 'sl': 2.0, 'ch': 8.0, 'adxThr': 0.0, 'slope': True, 'hold': True}",False
MSI,Motorola Solutions,Information Technology,200,4.0,8.0,0.0,False,False,362.045,27.534,53.0,561.867,7.018,30.102,18.0,7.018,30.102,13.243,24.188,21.12,"{'smaLen': 200, 'sl': 3.0, 'ch': 8.0, 'adxThr': 20.0, 'slope': False, 'hold': False}",True
MSCI,MSCI,Financials,250,4.0,8.0,0.0,False,True,276.111,49.53,37.0,2322.024,-1.241,53.212,30.0,-1.88,50.884,0.859,52.272,19.909,"{'smaLen': 200, 'sl': 3.0, 'ch': 6.0, 'adxThr': 0.0, 'slope': False, 'hold': True}",False
NDAQ,"Nasdaq, Inc.",Financials,250,2.0,8.0,0.0,True,True,276.297,33.781,35.0,873.124,8.191,20.116,9.0,7.25,18.768,12.83,21.119,19.166,"{'smaLen': 250, 'sl': 3.0, 'ch': 8.0, 'adxThr': 20.0, 'slope': True, 'hold': True}",True
NTAP,NetApp,Information Technology,250,3.0,6.0,0.0,False,True,517.232,45.798,40.0,884.745,4.804,47.593,20.0,3.267,38.567,7.811,45.952,19.972,"{'smaLen': 200, 'sl': 4.0, 'ch': 8.0, 'adxThr': 0.0, 'slope': False, 'hold': True}",True
NFLX,Netflix,Communication Services,150,4.0,8.0,15.0,False,True,7126.741,48.383,32.0,19018.995,8.98,39.749,14.0,-0.352,49.051,8.029,36.808,13.469,"{'smaLen': 150, 'sl': 4.0, 'ch': 8.0, 'adxThr': 15.0, 'slope': False, 'hold': True}",True
NEM,Newmont,Materials,200,3.0,4.0,25.0,True,True,127.342,32.639,20.0,213.694,1.888,49.844,17.0,2.284,39.529,9.69,35.993,21.094,"{'smaLen': 200, 'sl': 4.0, 'ch': 4.0, 'adxThr': 25.0, 'slope': False, 'hold': False}",False
NWSA,News Corp (Class A),Communication Services,250,2.0,4.0,15.0,True,False,33.231,20.013,29.0,106.88,0.81,31.653,19.0,-0.696,31.624,2.309,33.272,13.801,"{'smaLen': 250, 'sl': 4.0, 'ch': 6.0, 'adxThr': 15.0, 'slope': False, 'hold': True}",True
NWS,News Corp (Class B),Communication Services,250,2.0,8.0,0.0,True,True,30.993,28.173,21.0,133.567,-0.333,50.234,19.0,-1.725,33.574,2.032,38.815,15.082,"{'smaLen': 250, 'sl': 3.0, 'ch': 8.0, 'adxThr': 0.0, 'slope': False, 'hold': True}",False
NEE,NextEra Energy,Utilities,150,4.0,4.0,15.0,True,True,224.368,22.349,55.0,1237.921,0.621,37.627,23.0,0.573,39.404,2.141,39.13,10.565,"{'smaLen': 250, 'sl': 4.0, 'ch': 4.0, 'adxThr': 15.0, 'slope': True, 'hold': False}",True
NKE,"Nike, Inc.",Consumer Discretionary,250,3.0,8.0,25.0,True,True,153.692,27.926,21.0,344.053,-0.213,24.317,8.0,-2.221,31.771,3.277,27.752,-7.593,"{'smaLen': 250, 'sl': 3.0, 'ch': 8.0, 'adxThr': 25.0, 'slope': True, 'hold': True}",False
NI,NiSource,Utilities,200,4.0,8.0,25.0,False,True,287.034,19.621,18.0,931.068,3.237,20.005,5.0,-1.841,27.665,2.582,37.278,9.518,"{'smaLen': 250, 'sl': 4.0, 'ch': 8.0, 'adxThr': 25.0, 'slope': False, 'hold': True}",True
NDSN,Nordson Corporation,Industrials,150,4.0,4.0,25.0,False,True,343.09,19.33,35.0,1924.867,1.899,14.345,14.0,2.13,22.74,5.829,28.461,15.388,"{'smaLen': 150, 'sl': 4.0, 'ch': 4.0, 'adxThr': 25.0, 'slope': False, 'hold': True}",False
NSC,Norfolk Southern,Industrials,200,2.0,8.0,0.0,False,True,158.225,35.899,47.0,1048.607,4.931,27.212,16.0,0.465,29.053,3.483,34.673,12.249,"{'smaLen': 200, 'sl': 2.0, 'ch': 8.0, 'adxThr': 0.0, 'slope': False, 'hold': True}",True
NTRS,Northern Trust,Financials,250,4.0,6.0,0.0,True,True,117.584,47.476,32.0,450.372,6.589,32.492,11.0,-0.507,37.98,1.471,38.91,13.295,"{'smaLen': 250, 'sl': 4.0, 'ch': 6.0, 'adxThr': 0.0, 'slope': True, 'hold': True}",True
NOC,Northrop Grumman,Industrials,200,2.0,8.0,15.0,True,True,573.06,28.883,31.0,1369.017,1.449,33.151,19.0,-0.039,24.458,0.08,34.939,11.693,"{'smaLen': 150, 'sl': 4.0, 'ch': 8.0, 'adxThr': 0.0, 'slope': True, 'hold': False}",True
NCLH,Norwegian Cruise Line Holdings,Consumer Discretionary,250,3.0,4.0,25.0,True,False,-10.122,43.759,15.0,-41.065,-5.178,53.712,10.0,-5.785,56.816,-9.742,65.047,-12.859,"{'smaLen': 150, 'sl': 2.0, 'ch': 8.0, 'adxThr': 25.0, 'slope': True, 'hold': True}",False
NRG,NRG Energy,Utilities,150,3.0,8.0,25.0,False,False,385.994,26.531,26.0,464.446,5.724,29.187,10.0,2.339,40.009,4.406,48.247,16.218,"{'smaLen': 250, 'sl': 3.0, 'ch': 8.0, 'adxThr': 25.0, 'slope': True, 'hold': False}",True
NUE,Nucor,Materials,250,2.0,4.0,20.0,True,False,245.705,26.756,37.0,1173.523,7.411,28.912,22.0,6.986,33.572,13.234,31.043,24.681,"{'smaLen': 150, 'sl': 2.0, 'ch': 4.0, 'adxThr': 20.0, 'slope': True, 'hold': False}",True
NVDA,Nvidia,Information Technology,250,4.0,8.0,25.0,False,False,6432.057,48.725,25.0,77156.017,22.802,24.409,10.0,24.027,38.872,38.396,44.651,72.126,"{'smaLen': 250, 'sl': 4.0, 'ch': 8.0, 'adxThr': 25.0, 'slope': True, 'hold': False}",False
NVR,"NVR, Inc.",Consumer Discretionary,150,4.0,8.0,15.0,True,True,328.529,31.236,25.0,773.454,2.366,25.942,11.0,4.36,23.247,11.371,25.369,13.153,"{'smaLen': 250, 'sl': 4.0, 'ch': 6.0, 'adxThr': 15.0, 'slope': True, 'hold': True}",False
NXPI,NXP Semiconductors,Information Technology,250,4.0,6.0,0.0,True,True,265.582,42.131,21.0,1838.794,-1.104,49.58,18.0,-1.36,42.903,-0.791,53.434,17.991,"{'smaLen': 150, 'sl': 4.0, 'ch': 8.0, 'adxThr': 15.0, 'slope': True, 'hold': False}",False
ORLY,O'Reilly Automotive,Consumer Discretionary,150,2.0,8.0,20.0,False,True,971.137,22.608,30.0,3938.136,9.211,17.226,13.0,-1.152,19.383,8.842,27.576,18.778,"{'smaLen': 150, 'sl': 2.0, 'ch': 8.0, 'adxThr': 20.0, 'slope': False, 'hold': True}",True
OXY,Occidental Petroleum,Energy,150,4.0,4.0,25.0,True,False,118.795,30.704,23.0,136.146,6.878,43.548,13.0,2.875,42.459,-1.167,55.054,1.101,"{'smaLen': 200, 'sl': 4.0, 'ch': 8.0, 'adxThr': 0.0, 'slope': False, 'hold': True}",True
ODFL,Old Dominion,Industrials,150,2.0,8.0,0.0,False,True,478.756,51.98,49.0,4403.743,1.178,55.727,27.0,-0.741,41.365,10.811,54.431,20.987,"{'smaLen': 150, 'sl': 2.0, 'ch': 6.0, 'adxThr': 15.0, 'slope': False, 'hold': True}",True
OMC,Omnicom Group,Communication Services,150,2.0,4.0,25.0,False,True,90.189,27.872,31.0,213.324,-0.328,32.174,14.0,-0.209,34.734,-2.333,38.646,4.344,"{'smaLen': 150, 'sl': 3.0, 'ch': 6.0, 'adxThr': 20.0, 'slope': False, 'hold': True}",False
ON,ON Semiconductor,Information Technology,150,4.0,6.0,20.0,False,False,79.855,56.894,41.0,1237.955,-3.517,66.205,20.0,-4.571,57.681,-5.217,78.57,21.806,"{'smaLen': 150, 'sl': 3.0, 'ch': 8.0, 'adxThr': 15.0, 'slope': False, 'hold': False}",False
OKE,Oneok,Energy,150,4.0,6.0,0.0,False,True,1943.778,34.081,41.0,1992.567,11.524,37.476,13.0,4.333,21.925,11.769,38.431,13.469,"{'smaLen': 150, 'sl': 4.0, 'ch': 8.0, 'adxThr': 0.0, 'slope': False, 'hold': True}",True
ORCL,Oracle Corporation,Information Technology,250,2.0,8.0,0.0,False,True,349.35,38.638,46.0,1270.407,6.651,40.051,18.0,-1.204,42.558,12.956,39.056,17.121,"{'smaLen': 150, 'sl': 2.0, 'ch': 8.0, 'adxThr': 25.0, 'slope': False, 'hold': True}",True
PCAR,Paccar,Industrials,250,2.0,8.0,20.0,True,True,155.87,36.975,28.0,950.001,3.556,25.96,14.0,-0.544,32.55,9.445,24.895,18.679,"{'smaLen': 250, 'sl': 2.0, 'ch': 6.0, 'adxThr': 20.0, 'slope': True, 'hold': True}",True
PKG,Packaging Corporation of America,Materials,150,2.0,8.0,0.0,True,True,656.458,25.629,38.0,1925.997,-2.76,26.973,15.0,-5.645,36.8,3.822,34.077,17.723,"{'smaLen': 150, 'sl': 2.0, 'ch': 8.0, 'adxThr': 20.0, 'slope': True, 'hold': True}",False
PANW,Palo Alto Networks,Information Technology,250,4.0,8.0,0.0,False,False,325.735,42.004,39.0,4131.959,0.913,49.543,28.0,7.519,37.862,3.613,53.885,38.274,"{'smaLen': 250, 'sl': 3.0, 'ch': 8.0, 'adxThr': 0.0, 'slope': True, 'hold': False}",False
PSKY,Paramount Skydance Corporation,Communication Services,200,3.0,4.0,25.0,True,True,280.735,28.68,20.0,-39.06,3.942,52.875,7.0,-5.986,77.614,-5.666,79.753,-15.828,"{'smaLen': 250, 'sl': 4.0, 'ch': 8.0, 'adxThr': 25.0, 'slope': False, 'hold': False}",True
PH,Parker Hannifin,Industrials,150,4.0,4.0,0.0,False,True,516.575,21.028,72.0,2989.811,10.277,23.314,22.0,3.164,28.045,10.589,22.62,29.22,"{'smaLen': 150, 'sl': 4.0, 'ch': 6.0, 'adxThr': 0.0, 'slope': False, 'hold': True}",True
PAYX,Paychex,Industrials,250,2.0,4.0,0.0,False,False,125.422,22.128,79.0,424.355,4.131,30.151,27.0,2.003,29.354,2.022,35.635,9.202,"{'smaLen': 200, 'sl': 2.0, 'ch': 8.0, 'adxThr': 0.0, 'slope': False, 'hold': False}",True
PNR,Pentair,Industrials,200,4.0,8.0,25.0,True,True,128.957,32.198,16.0,240.26,3.941,23.876,8.0,6.697,24.51,8.33,24.33,6.176,"{'smaLen': 200, 'sl': 4.0, 'ch': 8.0, 'adxThr': 25.0, 'slope': True, 'hold': True}",False
PEP,PepsiCo,Consumer Staples,250,3.0,4.0,0.0,True,False,58.954,17.512,65.0,294.278,-0.184,23.405,26.0,-3.845,35.669,-1.427,34.625,5.376,"{'smaLen': 150, 'sl': 3.0, 'ch': 4.0, 'adxThr': 15.0, 'slope': False, 'hold': False}",False
PFE,Pfizer,Health Care,200,3.0,6.0,20.0,True,False,100.621,25.007,33.0,212.914,-2.528,44.973,16.0,-1.551,45.274,-3.534,50.706,0.157,"{'smaLen': 250, 'sl': 4.0, 'ch': 8.0, 'adxThr': 20.0, 'slope': False, 'hold': False}",False
PCG,PG&E Corporation,Utilities,150,2.0,4.0,20.0,False,True,36.911,25.192,49.0,-47.9,-0.047,39.181,8.0,4.501,29.58,-3.993,42.432,-7.933,"{'smaLen': 150, 'sl': 2.0, 'ch': 8.0, 'adxThr': 25.0, 'slope': False, 'hold': True}",False
PM,Philip Morris International,Consumer Staples,200,4.0,6.0,15.0,False,True,268.043,27.129,38.0,800.738,1.84,37.168,18.0,4.81,23.049,6.015,36.29,20.154,"{'smaLen': 150, 'sl': 3.0, 'ch': 8.0, 'adxThr': 0.0, 'slope': True, 'hold': True}",False
PSX,Phillips 66,Energy,150,2.0,8.0,20.0,True,True,416.577,28.712,14.0,1115.231,5.163,38.524,24.0,1.868,39.073,5.565,48.715,19.359,"{'smaLen': 150, 'sl': 4.0, 'ch': 4.0, 'adxThr': 15.0, 'slope': False, 'hold': True}",True
PNW,Pinnacle West Capital,Utilities,200,3.0,6.0,20.0,True,True,141.78,17.328,26.0,435.212,-4.327,38.103,12.0,-0.303,21.59,-0.15,30.955,5.6,"{'smaLen': 150, 'sl': 4.0, 'ch': 6.0, 'adxThr': 25.0, 'slope': True, 'hold': True}",False
PNC,PNC Financial Services,Financials,150,4.0,8.0,0.0,True,True,180.724,31.964,32.0,545.029,8.889,27.877,12.0,10.095,21.887,4.618,38.67,12.589,"{'smaLen': 150, 'sl': 4.0, 'ch': 8.0, 'adxThr': 0.0, 'slope': True, 'hold': True}",False
PPG,PPG Industries,Materials,200,4.0,8.0,20.0,False,True,240.672,31.878,27.0,488.029,-2.724,42.599,14.0,-0.408,27.247,-5.996,60.388,2.728,"{'smaLen': 150, 'sl': 3.0, 'ch': 8.0, 'adxThr': 0.0, 'slope': True, 'hold': True}",False
PPL,PPL Corporation,Utilities,250,2.0,8.0,0.0,True,True,78.912,25.254,37.0,182.269,-2.076,39.523,15.0,-0.697,22.826,-2.113,45.109,6.057,"{'smaLen': 250, 'sl': 4.0, 'ch': 8.0, 'adxThr': 0.0, 'slope': True, 'hold': True}",False
PFG,Principal Financial Group,Financials,250,4.0,8.0,25.0,False,True,166.52,30.177,20.0,348.156,-1.028,40.118,14.0,-5.788,43.555,0.114,49.121,17.478,"{'smaLen': 250, 'sl': 3.0, 'ch': 8.0, 'adxThr': 20.0, 'slope': False, 'hold': True}",False
PG,Procter & Gamble,Consumer Staples,150,4.0,8.0,0.0,False,False,94.511,25.204,65.0,345.471,-0.979,20.098,16.0,0.592,27.525,2.39,29.124,9.053,"{'smaLen': 150, 'sl': 4.0, 'ch': 4.0, 'adxThr': 25.0, 'slope': False, 'hold': False}",False
PGR,Progressive Corporation,Financials,250,3.0,8.0,20.0,False,True,327.943,23.931,28.0,1270.323,1.824,25.324,12.0,1.008,39.423,7.741,33.481,21.115,"{'smaLen': 250, 'sl': 2.0, 'ch': 8.0, 'adxThr': 25.0, 'slope': False, 'hold': True}",True
PLD,Prologis,Real Estate,200,3.0,6.0,0.0,False,True,367.469,28.64,46.0,427.227,9.557,28.64,15.0,4.679,23.545,9.141,33.644,14.723,"{'smaLen': 200, 'sl': 3.0, 'ch': 6.0, 'adxThr': 0.0, 'slope': False, 'hold': True}",True
PRU,Prudential Financial,Financials,200,2.0,8.0,25.0,True,True,117.548,25.406,18.0,224.428,-2.903,34.114,14.0,1.715,23.92,-0.709,39.138,10.231,"{'smaLen': 250, 'sl': 2.0, 'ch': 4.0, 'adxThr': 25.0, 'slope': True, 'hold': False}",False
PEG,Public Service Enterprise Group,Utilities,250,3.0,6.0,25.0,True,False,38.323,30.812,23.0,332.272,1.49,17.862,7.0,-1.542,28.063,-0.164,35.892,7.195,"{'smaLen': 250, 'sl': 3.0, 'ch': 6.0, 'adxThr': 25.0, 'slope': True, 'hold': False}",True
PTC,PTC Inc.,Information Technology,150,4.0,8.0,0.0,True,False,137.384,37.433,48.0,782.556,0.418,50.822,20.0,-3.118,36.444,-3.6,41.782,6.985,"{'smaLen': 150, 'sl': 4.0, 'ch': 8.0, 'adxThr': 15.0, 'slope': False, 'hold': False}",True
PSA,Public Storage,Real Estate,200,2.0,4.0,15.0,True,True,206.12,23.59,60.0,757.758,4.873,29.763,13.0,3.368,26.761,0.997,35.24,9.573,"{'smaLen': 200, 'sl': 3.0, 'ch': 8.0, 'adxThr': 15.0, 'slope': True, 'hold': True}",True
PHM,PulteGroup,Consumer Discretionary,250,3.0,8.0,25.0,True,True,827.258,30.445,11.0,252.154,8.926,30.655,11.0,10.428,37.915,12.925,31.746,22.98,"{'smaLen': 250, 'sl': 2.0, 'ch': 8.0, 'adxThr': 25.0, 'slope': False, 'hold': True}",False
PWR,Quanta Services,Industrials,150,3.0,8.0,25.0,True,False,323.111,21.133,24.0,4851.429,13.204,25.058,13.0,15.518,32.492,21.31,32.946,49.193,"{'smaLen': 150, 'sl': 3.0, 'ch': 8.0, 'adxThr': 25.0, 'slope': False, 'hold': False}",False
QCOM,Qualcomm,Information Technology,250,4.0,4.0,0.0,False,True,89.766,36.285,71.0,636.865,2.069,42.386,16.0,5.142,42.719,3.648,43.605,20.501,"{'smaLen': 150, 'sl': 4.0, 'ch': 6.0, 'adxThr': 0.0, 'slope': True, 'hold': True}",False
DGX,Quest Diagnostics,Health Care,200,2.0,8.0,0.0,False,True,87.176,36.32,49.0,543.025,-3.133,37.894,36.0,-4.764,47.837,2.186,35.792,16.96,"{'smaLen': 250, 'sl': 4.0, 'ch': 4.0, 'adxThr': 0.0, 'slope': False, 'hold': False}",False
RL,Ralph Lauren Corporation,Consumer Discretionary,250,4.0,4.0,0.0,False,False,377.293,31.482,64.0,748.15,8.277,22.199,20.0,4.214,32.496,7.048,38.288,19.265,"{'smaLen': 250, 'sl': 4.0, 'ch': 4.0, 'adxThr': 0.0, 'slope': True, 'hold': False}",True
RJF,Raymond James Financial,Financials,250,2.0,6.0,25.0,False,True,219.248,24.562,29.0,1167.826,4.977,22.492,12.0,1.353,32.536,-3.695,49.713,18.145,"{'smaLen': 150, 'sl': 2.0, 'ch': 6.0, 'adxThr': 25.0, 'slope': False, 'hold': True}",True
RTX,RTX Corporation,Industrials,150,2.0,8.0,15.0,False,True,244.774,27.642,46.0,751.894,6.691,24.94,18.0,5.793,17.416,6.691,24.94,16.749,"{'smaLen': 150, 'sl': 3.0, 'ch': 8.0, 'adxThr': 0.0, 'slope': False, 'hold': True}",True
O,Realty Income,Real Estate,150,4.0,4.0,15.0,False,True,178.64,33.189,68.0,645.705,-1.42,26.694,19.0,-3.172,32.589,-3.255,39.94,3.856,"{'smaLen': 150, 'sl': 4.0, 'ch': 6.0, 'adxThr': 15.0, 'slope': False, 'hold': True}",False
REG,Regency Centers,Real Estate,250,4.0,6.0,15.0,True,True,105.588,27.549,32.0,181.521,-0.665,27.314,21.0,0.733,19.447,-1.678,41.8,7.668,"{'smaLen': 250, 'sl': 4.0, 'ch': 4.0, 'adxThr': 0.0, 'slope': True, 'hold': True}",False
REGN,Regeneron Pharmaceuticals,Health Care,150,4.0,8.0,25.0,True,False,368.502,37.283,34.0,4902.997,4.841,29.067,12.0,8.726,33.21,4.415,42.009,10.305,"{'smaLen': 150, 'sl': 4.0, 'ch': 8.0, 'adxThr': 25.0, 'slope': True, 'hold': False}",False
RF,Regions Financial Corporation,Financials,150,3.0,8.0,20.0,False,False,165.497,35.986,40.0,53.998,3.405,40.294,21.0,4.166,33.805,-2.963,52.008,14.063,"{'smaLen': 150, 'sl': 3.0, 'ch': 8.0, 'adxThr': 15.0, 'slope': False, 'hold': False}",False
RSG,Republic Services,Industrials,150,2.0,8.0,15.0,False,True,167.927,38.779,49.0,1188.151,6.147,23.506,14.0,7.521,15.267,9.504,22.567,16.709,"{'smaLen': 150, 'sl': 3.0, 'ch': 8.0, 'adxThr': 15.0, 'slope': True, 'hold': True}",False
RMD,ResMed|,Health Care,250,4.0,8.0,0.0,True,True,236.772,34.386,33.0,1309.359,3.893,27.171,13.0,-3.298,44.555,-2.473,57.89,10.298,"{'smaLen': 250, 'sl': 4.0, 'ch': 8.0, 'adxThr': 0.0, 'slope': True, 'hold': True}",True
RVTY,Revvity,Health Care,250,4.0,4.0,0.0,True,True,315.794,24.267,52.0,625.758,7.859,42.373,11.0,2.172,46.302,4.665,59.317,9.393,"{'smaLen': 250, 'sl': 3.0, 'ch': 8.0, 'adxThr': 0.0, 'slope': False, 'hold': True}",True
ROK,Rockwell Automation,Industrials,150,2.0,8.0,15.0,True,True,291.542,31.339,38.0,1017.3,-8.859,60.959,22.0,2.43,31.748,2.131,46.268,16.701,"{'smaLen': 150, 'sl': 2.0, 'ch': 6.0, 'adxThr': 25.0, 'slope': False, 'hold': True}",False
ROL,"Rollins, Inc.",Industrials,250,3.0,4.0,20.0,True,True,127.715,23.656,46.0,1409.505,-0.476,30.75,11.0,2.247,28.591,-0.004,39.756,4.321,"{'smaLen': 250, 'sl': 4.0, 'ch': 6.0, 'adxThr': 25.0, 'slope': True, 'hold': True}",False
ROP,Roper Technologies,Information Technology,200,4.0,8.0,0.0,True,True,203.361,29.514,35.0,926.127,-1.334,39.757,16.0,-0.055,26.269,0.611,34.73,4.538,"{'smaLen': 250, 'sl': 4.0, 'ch': 8.0, 'adxThr': 0.0, 'slope': True, 'hold': True}",False
ROST,Ross Stores,Consumer Discretionary,150,2.0,6.0,15.0,False,True,976.568,31.87,43.0,3855.15,1.918,31.87,24.0,-1.692,41.458,-0.172,53.651,15.442,"{'smaLen': 150, 'sl': 2.0, 'ch': 6.0, 'adxThr': 15.0, 'slope': False, 'hold': True}",True
RCL,Royal Caribbean Group,Consumer Discretionary,200,2.0,8.0,0.0,True,True,764.915,42.682,34.0,594.925,6.907,45.616,18.0,-1.49,57.832,1.962,64.512,13.465,"{'smaLen': 150, 'sl': 2.0, 'ch': 8.0, 'adxThr': 0.0, 'slope': True, 'hold': True}",True
SPGI,S&P Global,Financials,250,3.0,4.0,20.0,True,True,654.531,15.251,44.0,1079.26,8.642,10.847,14.0,4.406,26.762,6.332,25.838,13.603,"{'smaLen': 250, 'sl': 3.0, 'ch': 4.0, 'adxThr': 20.0, 'slope': True, 'hold': True}",True
CRM,Salesforce,Information Technology,150,3.0,8.0,0.0,False,True,505.304,40.421,43.0,2686.069,4.29,32.397,13.0,10.613,29.265,9.301,37.263,7.575,"{'smaLen': 250, 'sl': 3.0, 'ch': 8.0, 'adxThr': 15.0, 'slope': False, 'hold': True}",False
SBAC,SBA Communications,Real Estate,250,4.0,4.0,20.0,False,True,193.786,30.922,45.0,895.974,2.045,27.436,16.0,-0.819,42.101,-0.697,47.003,1.722,"{'smaLen': 250, 'sl': 4.0, 'ch': 4.0, 'adxThr': 20.0, 'slope': False, 'hold': False}",True
SLB,Schlumberger,Energy,200,2.0,4.0,15.0,False,False,199.497,35.677,56.0,55.094,-0.688,38.759,20.0,2.739,23.563,-0.987,57.639,7.212,"{'smaLen': 200, 'sl': 2.0, 'ch': 4.0, 'adxThr': 0.0, 'slope': True, 'hold': False}",False
STX,Seagate Technology,Information Technology,150,2.0,8.0,0.0,False,True,6106.809,47.654,46.0,9425.416,30.003,45.189,21.0,26.278,45.43,38.963,44.455,55.68,"{'smaLen': 150, 'sl': 3.0, 'ch': 8.0, 'adxThr': 15.0, 'slope': False, 'hold': False}",True
SRE,Sempra,Utilities,150,4.0,8.0,20.0,False,True,211.74,22.752,28.0,568.046,2.874,30.482,14.0,3.857,19.336,2.052,32.664,8.407,"{'smaLen': 200, 'sl': 4.0, 'ch': 8.0, 'adxThr': 15.0, 'slope': False, 'hold': True}",False
NOW,ServiceNow,Information Technology,250,3.0,8.0,0.0,True,True,416.797,34.471,20.0,2656.504,12.272,30.619,11.0,11.716,28.976,11.4,40.588,18.843,"{'smaLen': 250, 'sl': 4.0, 'ch': 8.0, 'adxThr': 0.0, 'slope': True, 'hold': True}",True
SHW,Sherwin-Williams,Materials,200,4.0,8.0,25.0,True,False,315.906,23.649,29.0,2768.263,-0.413,41.434,22.0,0.618,45.743,2.754,50.215,13.692,"{'smaLen': 250, 'sl': 4.0, 'ch': 4.0, 'adxThr': 20.0, 'slope': False, 'hold': False}",False
SPG,Simon Property Group,Real Estate,250,3.0,8.0,15.0,False,True,965.684,28.092,26.0,571.226,15.926,18.99,7.0,11.803,13.375,13.613,27.036,8.55,"{'smaLen': 250, 'sl': 3.0, 'ch': 8.0, 'adxThr': 15.0, 'slope': False, 'hold': True}",True
SWKS,Skyworks Solutions,Information Technology,150,3.0,4.0,15.0,False,False,1247.468,40.541,59.0,2091.16,3.652,52.275,23.0,-0.821,53.257,4.813,50.402,6.108,"{'smaLen': 250, 'sl': 4.0, 'ch': 4.0, 'adxThr': 15.0, 'slope': False, 'hold': True}",True
SJM,J.M. Smucker Company (The),Consumer Staples,150,3.0,4.0,25.0,False,True,30.509,38.408,36.0,424.015,-0.464,38.408,13.0,-1.907,38.268,-4.763,54.122,6.833,"{'smaLen': 150, 'sl': 3.0, 'ch': 4.0, 'adxThr': 25.0, 'slope': False, 'hold': True}",False
SW,Smurfit Westrock,Materials,150,4.0,6.0,25.0,False,False,104.656,59.515,53.0,765.821,-6.194,52.854,32.0,-4.909,52.131,-10.458,66.265,11.958,"{'smaLen': 150, 'sl': 4.0, 'ch': 6.0, 'adxThr': 15.0, 'slope': False, 'hold': False}",False
SNA,Snap-on,Industrials,150,2.0,8.0,25.0,False,True,165.46,27.938,29.0,1458.059,-2.21,27.938,11.0,-3.127,30.292,-2.51,39.735,15.576,"{'smaLen': 150, 'sl': 2.0, 'ch': 8.0, 'adxThr': 25.0, 'slope': False, 'hold': True}",False
SO,Southern Company,Utilities,150,4.0,4.0,0.0,False,False,150.108,18.031,72.0,489.59,4.85,20.222,25.0,1.429,30.93,4.444,28.978,12.921,"{'smaLen': 150, 'sl': 3.0, 'ch': 4.0, 'adxThr': 0.0, 'slope': False, 'hold': True}",True
LUV,Southwest Airlines,Industrials,150,3.0,6.0,15.0,False,False,297.643,31.384,47.0,207.339,-0.61,41.791,22.0,-4.476,38.016,-0.038,43.61,0.045,"{'smaLen': 200, 'sl': 2.0, 'ch': 8.0, 'adxThr': 15.0, 'slope': False, 'hold': False}",False
SWK,Stanley Black & Decker,Industrials,200,4.0,6.0,0.0,True,False,141.877,30.349,47.0,226.686,-0.629,43.704,9.0,-2.658,32.581,-1.364,49.058,-0.58,"{'smaLen': 250, 'sl': 4.0, 'ch': 8.0, 'adxThr': 15.0, 'slope': True, 'hold': True}",False
SBUX,Starbucks,Consumer Discretionary,150,2.0,8.0,15.0,False,True,931.402,31.882,33.0,737.879,-2.228,45.181,15.0,-0.875,39.303,4.264,38.324,7.48,"{'smaLen': 250, 'sl': 4.0, 'ch': 6.0, 'adxThr': 20.0, 'slope': True, 'hold': True}",False
STT,State Street Corporation,Financials,150,4.0,8.0,20.0,False,True,203.436,49.822,30.0,390.943,0.433,43.101,12.0,4.574,51.294,10.358,26.985,17.97,"{'smaLen': 150, 'sl': 2.0, 'ch': 8.0, 'adxThr': 25.0, 'slope': True, 'hold': True}",False
STLD,Steel Dynamics,Materials,150,3.0,8.0,0.0,False,True,1979.88,44.552,42.0,3880.966,12.334,43.861,22.0,4.866,36.076,11.324,44.552,32.724,"{'smaLen': 150, 'sl': 2.0, 'ch': 8.0, 'adxThr': 0.0, 'slope': False, 'hold': True}",True
STE,Steris,Health Care,200,4.0,8.0,0.0,False,True,81.438,40.041,46.0,1030.608,-0.938,40.041,19.0,-4.272,48.339,-5.711,57.064,10.435,"{'smaLen': 200, 'sl': 4.0, 'ch': 8.0, 'adxThr': 0.0, 'slope': False, 'hold': True}",False
SYK,Stryker Corporation,Health Care,200,3.0,8.0,20.0,False,True,160.277,31.632,27.0,667.951,-5.469,41.636,24.0,0.649,21.52,-3.527,42.364,8.716,"{'smaLen': 150, 'sl': 2.0, 'ch': 8.0, 'adxThr': 0.0, 'slope': True, 'hold': True}",False
SMCI,Supermicro,Information Technology,250,3.0,6.0,20.0,True,True,315.288,57.831,29.0,4838.356,0.665,49.172,18.0,7.763,65.868,13.929,70.256,54.286,"{'smaLen': 250, 'sl': 2.0, 'ch': 6.0, 'adxThr': 25.0, 'slope': True, 'hold': True}",False
SYF,Synchrony Financial,Financials,150,4.0,8.0,25.0,False,True,122.302,24.72,13.0,302.39,-1.72,44.401,23.0,3.817,27.13,10.582,39.806,18.126,"{'smaLen': 250, 'sl': 4.0, 'ch': 4.0, 'adxThr': 20.0, 'slope': False, 'hold': False}",False
SNPS,Synopsys,Information Technology,200,3.0,8.0,0.0,True,True,294.709,47.811,36.0,1980.939,-2.33,63.613,25.0,-4.555,61.694,5.715,61.182,23.33,"{'smaLen': 250, 'sl': 4.0, 'ch': 6.0, 'adxThr': 0.0, 'slope': True, 'hold': False}",False
SYY,Sysco,Consumer Staples,200,3.0,4.0,0.0,False,True,41.763,30.856,76.0,358.408,-3.001,40.603,21.0,-2.789,36.563,-3.881,44.165,5.837,"{'smaLen': 200, 'sl': 4.0, 'ch': 6.0, 'adxThr': 0.0, 'slope': False, 'hold': True}",False
TMUS,T-Mobile US,Communication Services,150,4.0,6.0,20.0,False,True,349.583,34.34,32.0,283.199,-0.034,34.439,10.0,2.267,20.883,5.376,38.575,13.512,"{'smaLen': 150, 'sl': 4.0, 'ch': 6.0, 'adxThr': 25.0, 'slope': False, 'hold': True}",False
TROW,T. Rowe Price,Financials,150,4.0,8.0,0.0,True,True,200.471,33.78,35.0,452.002,3.555,30.884,11.0,2.153,32.353,3.59,39.728,6.055,"{'smaLen': 150, 'sl': 4.0, 'ch': 8.0, 'adxThr': 0.0, 'slope': True, 'hold': True}",True
TTWO,Take-Two Interactive,Communication Services,250,2.0,8.0,15.0,False,True,255.618,62.081,37.0,1016.08,-0.444,39.208,14.0,-1.456,49.127,6.541,38.014,8.919,"{'smaLen': 150, 'sl': 3.0, 'ch': 6.0, 'adxThr': 20.0, 'slope': True, 'hold': False}",False
TPR,"Tapestry, Inc.",Consumer Discretionary,200,3.0,6.0,20.0,False,False,620.942,32.317,35.0,433.457,13.701,37.05,9.0,22.195,29.53,15.158,50.574,19.75,"{'smaLen': 150, 'sl': 4.0, 'ch': 8.0, 'adxThr': 25.0, 'slope': False, 'hold': True}",False
TRGP,Targa Resources,Energy,150,2.0,8.0,20.0,False,True,3260.975,32.213,18.0,2078.909,19.052,40.583,22.0,20.126,24.825,28.503,36.394,34.116,"{'smaLen': 200, 'sl': 2.0, 'ch': 8.0, 'adxThr': 15.0, 'slope': False, 'hold': False}",False
TGT,Target Corporation,Consumer Staples,250,3.0,8.0,15.0,False,True,502.531,29.101,30.0,381.714,16.89,29.101,10.0,14.226,20.698,15.788,40.903,14.982,"{'smaLen': 250, 'sl': 3.0, 'ch': 8.0, 'adxThr': 15.0, 'slope': False, 'hold': True}",True
TEL,TE Connectivity,Information Technology,150,3.0,8.0,20.0,False,True,404.817,36.33,29.0,721.174,0.481,43.276,30.0,0.825,27.709,3.694,35.984,16.72,"{'smaLen': 150, 'sl': 2.0, 'ch': 8.0, 'adxThr': 0.0, 'slope': False, 'hold': True}",False
TDY,Teledyne Technologies,Information Technology,250,3.0,8.0,0.0,False,True,218.422,45.713,43.0,1956.076,4.479,42.952,20.0,1.457,42.78,1.65,53.197,15.179,"{'smaLen': 250, 'sl': 4.0, 'ch': 8.0, 'adxThr': 0.0, 'slope': False, 'hold': True}",True
TER,Teradyne,Information Technology,150,2.0,8.0,15.0,True,False,471.339,55.734,53.0,2831.701,18.092,57.529,20.0,22.604,45.487,15.718,71.746,39.287,"{'smaLen': 150, 'sl': 3.0, 'ch': 8.0, 'adxThr': 0.0, 'slope': False, 'hold': False}",False
TSLA,"Tesla, Inc.",Consumer Discretionary,250,3.0,4.0,25.0,False,False,2921.595,32.139,30.0,23263.954,20.15,39.782,16.0,16.883,57.622,29.521,69.185,45.289,"{'smaLen': 250, 'sl': 3.0, 'ch': 4.0, 'adxThr': 25.0, 'slope': True, 'hold': True}",True
TXN,Texas Instruments,Information Technology,200,3.0,8.0,20.0,True,True,303.547,30.398,20.0,1261.13,2.745,31.166,12.0,1.955,36.191,3.009,50.43,18.223,"{'smaLen': 150, 'sl': 2.0, 'ch': 8.0, 'adxThr': 20.0, 'slope': True, 'hold': True}",True
TPL,Texas Pacific Land Corporation,Energy,150,4.0,6.0,20.0,False,True,8281.885,31.815,37.0,12334.024,11.855,40.993,12.0,17.008,38.899,22.222,47.1,26.254,"{'smaLen': 200, 'sl': 4.0, 'ch': 4.0, 'adxThr': 25.0, 'slope': True, 'hold': False}",False
TXT,Textron,Industrials,150,4.0,8.0,20.0,True,True,133.54,36.008,24.0,119.181,-1.315,39.791,17.0,-5.993,39.322,-1.315,39.791,6.921,"{'smaLen': 150, 'sl': 3.0, 'ch': 8.0, 'adxThr': 0.0, 'slope': False, 'hold': True}",False
TMO,Thermo Fisher Scientific,Health Care,150,2.0,8.0,0.0,False,True,676.9,38.977,41.0,2260.404,6.142,38.977,18.0,-0.001,47.177,5.009,44.054,15.945,"{'smaLen': 150, 'sl': 2.0, 'ch': 8.0, 'adxThr': 0.0, 'slope': False, 'hold': True}",True
TJX,TJX Companies,Consumer Discretionary,150,2.0,8.0,25.0,False,True,309.766,20.186,23.0,2851.635,4.79,15.268,8.0,-0.451,34.752,4.089,36.05,16.363,"{'smaLen': 150, 'sl': 3.0, 'ch': 8.0, 'adxThr': 25.0, 'slope': False, 'hold': True}",True
TKO,TKO Group Holdings,Communication Services,200,3.0,8.0,15.0,False,False,1049.872,36.808,49.0,2641.477,-7.423,56.129,16.0,-3.837,46.862,7.498,36.607,13.797,"{'smaLen': 150, 'sl': 4.0, 'ch': 6.0, 'adxThr': 25.0, 'slope': True, 'hold': False}",False
TSCO,Tractor Supply,Consumer Discretionary,150,4.0,6.0,15.0,True,True,553.87,38.486,30.0,1403.008,2.888,33.073,16.0,2.926,24.07,9.213,28.41,10.912,"{'smaLen': 250, 'sl': 4.0, 'ch': 6.0, 'adxThr': 15.0, 'slope': False, 'hold': True}",False
TT,Trane Technologies,Industrials,150,2.0,6.0,15.0,False,True,1006.063,24.009,46.0,2428.34,15.891,23.063,17.0,11.685,20.243,15.479,25.401,28.889,"{'smaLen': 150, 'sl': 2.0, 'ch': 6.0, 'adxThr': 0.0, 'slope': False, 'hold': True}",True
TDG,TransDigm Group,Industrials,150,4.0,8.0,15.0,True,True,1307.33,34.564,31.0,12650.851,6.188,43.733,18.0,-2.258,46.009,5.267,53.566,21.204,"{'smaLen': 150, 'sl': 4.0, 'ch': 8.0, 'adxThr': 0.0, 'slope': True, 'hold': True}",True
TRV,Travelers Companies (The),Financials,250,4.0,8.0,0.0,True,False,83.785,22.012,62.0,1178.726,2.804,22.012,21.0,1.861,28.861,3.013,28.394,18.154,"{'smaLen': 250, 'sl': 4.0, 'ch': 8.0, 'adxThr': 0.0, 'slope': True, 'hold': False}",True
TRMB,Trimble Inc.,Information Technology,250,4.0,8.0,0.0,False,True,372.118,37.735,36.0,541.708,9.105,35.381,13.0,5.031,34.087,8.407,37.023,7.75,"{'smaLen': 150, 'sl': 4.0, 'ch': 8.0, 'adxThr': 0.0, 'slope': False, 'hold': True}",True
TFC,Truist Financial,Financials,250,4.0,8.0,0.0,True,False,12.288,42.009,48.0,149.524,-1.274,32.08,16.0,-0.712,24.835,-3.125,49.259,5.487,"{'smaLen': 250, 'sl': 3.0, 'ch': 8.0, 'adxThr': 0.0, 'slope': True, 'hold': False}",False
TYL,Tyler Technologies,Information Technology,250,3.0,8.0,0.0,False,True,1612.83,39.508,34.0,3553.984,-0.794,41.379,23.0,3.818,22.006,-0.794,41.379,7.788,"{'smaLen': 150, 'sl': 3.0, 'ch': 8.0, 'adxThr': 0.0, 'slope': False, 'hold': True}",False
TSN,Tyson Foods,Consumer Staples,150,2.0,8.0,0.0,False,True,306.127,38.398,48.0,343.453,-3.786,36.441,15.0,1.557,25.889,0.988,36.469,2.307,"{'smaLen': 200, 'sl': 3.0, 'ch': 4.0, 'adxThr': 25.0, 'slope': True, 'hold': True}",False
USB,U.S. Bancorp,Financials,200,2.0,6.0,15.0,False,False,56.782,24.504,59.0,279.442,-4.187,30.758,13.0,-0.238,25.155,1.661,30.418,7.421,"{'smaLen': 200, 'sl': 4.0, 'ch': 8.0, 'adxThr': 25.0, 'slope': False, 'hold': True}",False
UDR,"UDR, Inc.",Real Estate,200,2.0,8.0,0.0,True,True,88.074,40.047,35.0,254.678,-4.465,43.967,17.0,-3.283,35.338,-0.863,41.365,2.193,"{'smaLen': 150, 'sl': 2.0, 'ch': 8.0, 'adxThr': 20.0, 'slope': False, 'hold': True}",False
ULTA,Ulta Beauty,Consumer Discretionary,150,2.0,8.0,25.0,False,True,587.826,37.739,24.0,1748.761,0.507,37.558,11.0,-3.77,52.405,1.557,41.372,10.719,"{'smaLen': 200, 'sl': 2.0, 'ch': 8.0, 'adxThr': 25.0, 'slope': False, 'hold': True}",True
UNP,Union Pacific Corporation,Industrials,150,4.0,8.0,0.0,True,True,425.116,29.455,32.0,1984.47,0.198,39.494,18.0,-6.17,44.05,-0.843,40.989,11.71,"{'smaLen': 200, 'sl': 3.0, 'ch': 8.0, 'adxThr': 0.0, 'slope': False, 'hold': True}",True
UAL,United Airlines Holdings,Industrials,250,2.0,8.0,25.0,True,False,81.951,45.978,27.0,259.574,-4.286,44.115,17.0,4.944,35.893,-7.992,70.791,3.996,"{'smaLen': 250, 'sl': 2.0, 'ch': 4.0, 'adxThr': 25.0, 'slope': True, 'hold': False}",False
UPS,United Parcel Service,Industrials,150,2.0,4.0,25.0,True,False,44.228,20.891,28.0,148.188,0.367,43.604,17.0,0.481,40.01,-3.59,62.992,3.766,"{'smaLen': 150, 'sl': 3.0, 'ch': 8.0, 'adxThr': 0.0, 'slope': True, 'hold': True}",False
URI,United Rentals,Industrials,250,3.0,6.0,20.0,True,True,2815.065,33.012,27.0,4466.155,5.999,37.93,24.0,12.981,30.618,12.941,40.48,35.174,"{'smaLen': 250, 'sl': 3.0, 'ch': 8.0, 'adxThr': 15.0, 'slope': False, 'hold': False}",False
UNH,UnitedHealth Group,Health Care,200,4.0,4.0,25.0,False,False,133.04,30.555,35.0,700.191,-6.165,46.709,29.0,2.895,28.399,-5.276,53.803,7.649,"{'smaLen': 250, 'sl': 2.0, 'ch': 8.0, 'adxThr': 0.0, 'slope': True, 'hold': False}",False
UHS,Universal Health Services,Health Care,150,3.0,8.0,0.0,False,False,353.691,30.449,58.0,745.185,4.39,28.977,23.0,4.222,22.642,4.908,28.235,6.077,"{'smaLen': 150, 'sl': 2.0, 'ch': 8.0, 'adxThr': 0.0, 'slope': False, 'hold': False}",True
VLO,Valero Energy,Energy,250,4.0,4.0,20.0,False,True,581.698,35.959,47.0,1308.119,1.448,47.311,18.0,8.784,37.88,17.276,39.825,28.422,"{'smaLen': 200, 'sl': 4.0, 'ch': 4.0, 'adxThr': 25.0, 'slope': False, 'hold': True}",False
VEEV,Veeva Systems,Health Care,250,3.0,4.0,15.0,True,False,266.094,34.912,33.0,655.328,7.105,38.034,22.0,7.819,40.758,5.165,64.852,16.26,"{'smaLen': 250, 'sl': 2.0, 'ch': 4.0, 'adxThr': 15.0, 'slope': True, 'hold': False}",False
VTR,Ventas,Real Estate,150,3.0,8.0,0.0,False,True,365.251,34.544,39.0,477.799,-3.178,41.962,16.0,-0.674,35.423,7.125,26.401,9.63,"{'smaLen': 150, 'sl': 2.0, 'ch': 8.0, 'adxThr': 25.0, 'slope': False, 'hold': True}",False
VRSN,Verisign,Information Technology,250,2.0,4.0,0.0,False,False,267.021,25.284,73.0,1497.49,0.947,45.676,19.0,5.813,22.821,-3.046,58.764,9.225,"{'smaLen': 250, 'sl': 3.0, 'ch': 8.0, 'adxThr': 0.0, 'slope': False, 'hold': True}",False
VRSK,Verisk Analytics,Industrials,200,2.0,8.0,0.0,True,True,107.782,33.727,37.0,555.599,1.079,38.103,17.0,1.6,34.779,1.489,37.28,6.623,"{'smaLen': 150, 'sl': 4.0, 'ch': 8.0, 'adxThr': 0.0, 'slope': False, 'hold': True}",False
VZ,Verizon,Communication Services,250,3.0,8.0,25.0,True,True,29.889,25.807,19.0,400.921,-1.85,21.548,11.0,-4.645,34.84,-7.179,49.649,3.404,"{'smaLen': 250, 'sl': 3.0, 'ch': 4.0, 'adxThr': 25.0, 'slope': True, 'hold': True}",False
VRTX,Vertex Pharmaceuticals,Health Care,150,2.0,8.0,25.0,False,False,71.979,47.512,36.0,1785.986,-1.212,35.225,13.0,-2.38,42.063,-1.103,40.425,16.255,"{'smaLen': 150, 'sl': 4.0, 'ch': 8.0, 'adxThr': 25.0, 'slope': False, 'hold': False}",False
VTRS,Viatris,Health Care,250,4.0,8.0,0.0,True,False,188.301,41.972,32.0,13.605,0.825,28.284,9.0,0.609,33.546,2.353,47.705,-2.848,"{'smaLen': 250, 'sl': 4.0, 'ch': 8.0, 'adxThr': 0.0, 'slope': True, 'hold': False}",True
V,Visa Inc.,Financials,150,4.0,8.0,0.0,True,True,419.334,30.753,29.0,2864.38,4.263,26.245,27.0,0.517,29.482,2.977,44.369,14.852,"{'smaLen': 200, 'sl': 2.0, 'ch': 4.0, 'adxThr': 0.0, 'slope': True, 'hold': False}",True
VMRK,Vivmark Residential,Real Estate,200,2.0,8.0,20.0,True,True,116.149,28.666,28.0,287.148,3.338,30.004,11.0,4.231,23.149,0.614,40.74,3.245,"{'smaLen': 200, 'sl': 2.0, 'ch': 8.0, 'adxThr': 15.0, 'slope': True, 'hold': True}",False
VMC,Vulcan Materials Company,Materials,250,4.0,6.0,0.0,True,False,145.685,28.667,47.0,357.489,-2.879,39.971,16.0,-4.22,45.935,0.525,43.901,13.607,"{'smaLen': 250, 'sl': 4.0, 'ch': 8.0, 'adxThr': 20.0, 'slope': True, 'hold': False}",False
WRB,W. R. Berkley Corporation,Financials,250,4.0,8.0,0.0,True,True,275.781,21.242,28.0,910.974,4.536,20.295,12.0,3.454,28.755,6.673,28.666,18.289,"{'smaLen': 250, 'sl': 4.0, 'ch': 8.0, 'adxThr': 15.0, 'slope': True, 'hold': True}",True
GWW,W. W. Grainger,Industrials,150,4.0,8.0,0.0,False,True,479.85,30.661,42.0,2328.615,7.164,25.25,14.0,3.091,24.134,9.54,22.714,22.997,"{'smaLen': 150, 'sl': 4.0, 'ch': 8.0, 'adxThr': 15.0, 'slope': False, 'hold': True}",True
WAB,Wabtec,Industrials,200,2.0,8.0,0.0,False,True,352.481,40.635,45.0,2202.056,2.246,45.461,17.0,-1.766,50.173,1.75,50.989,20.578,"{'smaLen': 200, 'sl': 3.0, 'ch': 8.0, 'adxThr': 0.0, 'slope': False, 'hold': True}",True
WMT,Walmart,Consumer Staples,250,3.0,6.0,20.0,True,False,152.565,18.346,40.0,957.407,3.419,15.453,21.0,5.284,17.264,9.386,27.581,19.143,"{'smaLen': 250, 'sl': 4.0, 'ch': 4.0, 'adxThr': 20.0, 'slope': True, 'hold': True}",False
DIS,Walt Disney Company (The),Communication Services,200,3.0,6.0,20.0,True,False,246.969,16.593,32.0,446.823,0.244,32.656,18.0,5.298,15.956,-1.115,35.927,0.218,"{'smaLen': 150, 'sl': 2.0, 'ch': 8.0, 'adxThr': 15.0, 'slope': False, 'hold': True}",False
WBD,Warner Bros. Discovery,Communication Services,250,4.0,8.0,15.0,False,True,766.222,51.472,33.0,340.749,11.139,67.229,16.0,10.268,53.176,12.93,67.539,2.326,"{'smaLen': 150, 'sl': 2.0, 'ch': 8.0, 'adxThr': 0.0, 'slope': True, 'hold': True}",True
WM,Waste Management,Industrials,250,4.0,8.0,0.0,False,False,244.125,22.036,59.0,1059.456,4.9,22.991,22.0,1.018,26.44,7.082,16.346,13.434,"{'smaLen': 200, 'sl': 4.0, 'ch': 6.0, 'adxThr': 0.0, 'slope': True, 'hold': False}",True
WAT,Waters Corporation,Health Care,250,4.0,4.0,20.0,False,True,503.179,22.636,47.0,1037.9,10.152,22.636,15.0,7.738,38.597,4.334,42.328,11.76,"{'smaLen': 200, 'sl': 4.0, 'ch': 4.0, 'adxThr': 20.0, 'slope': False, 'hold': True}",True
WEC,WEC Energy Group,Utilities,250,4.0,4.0,20.0,False,True,144.815,16.469,46.0,873.075,-0.196,40.781,30.0,2.207,23.428,-4.518,62.225,8.828,"{'smaLen': 150, 'sl': 4.0, 'ch': 4.0, 'adxThr': 0.0, 'slope': False, 'hold': False}",False
WFC,Wells Fargo,Financials,150,3.0,6.0,15.0,False,True,225.383,39.715,38.0,356.623,5.919,26.784,24.0,3.262,45.198,13.24,24.555,10.605,"{'smaLen': 150, 'sl': 3.0, 'ch': 4.0, 'adxThr': 15.0, 'slope': True, 'hold': False}",True
WELL,Welltower,Real Estate,250,4.0,8.0,0.0,False,True,486.56,29.357,36.0,1655.692,14.545,28.903,10.0,-0.387,38.901,11.731,30.852,20.914,"{'smaLen': 250, 'sl': 3.0, 'ch': 8.0, 'adxThr': 0.0, 'slope': False, 'hold': True}",True
WST,West Pharmaceutical Services,Health Care,150,2.0,6.0,15.0,False,False,1392.197,28.207,55.0,3318.497,14.64,45.62,14.0,6.114,42.888,16.708,45.559,19.355,"{'smaLen': 150, 'sl': 2.0, 'ch': 8.0, 'adxThr': 15.0, 'slope': False, 'hold': True}",True
WDC,Western Digital,Information Technology,200,4.0,6.0,25.0,False,False,5479.977,32.58,29.0,3877.425,24.616,48.711,26.0,37.63,45.845,25.038,53.645,43.918,"{'smaLen': 250, 'sl': 4.0, 'ch': 4.0, 'adxThr': 0.0, 'slope': False, 'hold': True}",False
WY,Weyerhaeuser,Real Estate,150,4.0,6.0,20.0,False,True,16.948,37.471,36.0,65.621,-4.117,41.9,12.0,-1.422,32.62,-2.024,38.055,2.95,"{'smaLen': 200, 'sl': 2.0, 'ch': 6.0, 'adxThr': 25.0, 'slope': False, 'hold': False}",False
WSM,"Williams-Sonoma, Inc.",Consumer Discretionary,150,3.0,8.0,25.0,False,True,871.918,38.621,24.0,1589.991,18.157,35.853,7.0,8.51,41.921,18.937,51.031,36.134,"{'smaLen': 200, 'sl': 3.0, 'ch': 8.0, 'adxThr': 25.0, 'slope': True, 'hold': True}",True
WMB,Williams Companies,Energy,250,3.0,4.0,0.0,False,True,297.418,27.15,65.0,764.615,0.687,34.867,26.0,1.839,37.08,5.806,44.242,21.994,"{'smaLen': 250, 'sl': 4.0, 'ch': 4.0, 'adxThr': 15.0, 'slope': False, 'hold': False}",False
WTW,Willis Towers Watson,Financials,150,4.0,6.0,25.0,True,False,47.31,17.856,26.0,374.174,-5.485,36.23,13.0,-0.08,35.597,1.425,37.769,10.547,"{'smaLen': 200, 'sl': 2.0, 'ch': 6.0, 'adxThr': 25.0, 'slope': True, 'hold': True}",False
WDAY,"Workday, Inc.",Information Technology,150,3.0,8.0,0.0,False,True,35.874,56.914,32.0,289.094,-2.649,40.879,11.0,-6.854,55.605,5.168,46.143,2.229,"{'smaLen': 250, 'sl': 4.0, 'ch': 8.0, 'adxThr': 0.0, 'slope': True, 'hold': True}",False
WYNN,Wynn Resorts,Consumer Discretionary,150,4.0,8.0,25.0,True,True,822.109,39.54,16.0,182.367,-8.422,61.007,19.0,-0.301,31.963,-8.422,61.007,-2.25,"{'smaLen': 150, 'sl': 3.0, 'ch': 8.0, 'adxThr': 0.0, 'slope': False, 'hold': True}",False
XEL,Xcel Energy,Utilities,250,3.0,8.0,0.0,True,True,205.97,33.324,33.0,699.081,1.647,35.259,13.0,-2.275,32.175,0.696,35.16,8.123,"{'smaLen': 250, 'sl': 4.0, 'ch': 8.0, 'adxThr': 0.0, 'slope': True, 'hold': True}",True
XYL,Xylem Inc.,Industrials,250,2.0,6.0,0.0,False,False,193.68,23.399,37.0,417.333,1.204,24.802,11.0,4.495,28.361,3.159,34.169,7.074,"{'smaLen': 200, 'sl': 4.0, 'ch': 4.0, 'adxThr': 25.0, 'slope': True, 'hold': False}",False
YUM,Yum! Brands,Consumer Discretionary,150,4.0,8.0,0.0,False,True,23.491,43.339,54.0,1123.741,-3.479,27.336,17.0,-4.634,36.894,-2.504,45.988,7.498,"{'smaLen': 250, 'sl': 2.0, 'ch': 4.0, 'adxThr': 25.0, 'slope': True, 'hold': False}",False
ZBRA,Zebra Technologies,Information Technology,250,2.0,6.0,0.0,True,True,316.48,31.436,40.0,763.974,8.493,49.716,15.0,-1.295,56.487,9.735,43.866,11.788,"{'smaLen': 150, 'sl': 2.0, 'ch': 8.0, 'adxThr': 0.0, 'slope': True, 'hold': True}",True
ZBH,Zimmer Biomet,Health Care,250,4.0,6.0,25.0,False,True,51.996,28.981,25.0,55.092,-5.056,37.353,11.0,-6.119,49.667,-8.136,63.292,-0.327,"{'smaLen': 250, 'sl': 2.0, 'ch': 8.0, 'adxThr': 25.0, 'slope': False, 'hold': True}",False
ZTS,Zoetis,Health Care,150,4.0,8.0,0.0,False,True,365.858,22.473,17.0,157.383,4.324,31.059,9.0,3.686,29.725,8.338,27.421,-1.291,"{'smaLen': 200, 'sl': 4.0, 'ch': 8.0, 'adxThr': 20.0, 'slope': False, 'hold': True}",True
